[
{
  "fields": {
    "email": "i9pm7gwy@example.com"
  },
  "model": "hwdoc.email",
  "pk": 81
},
{
  "fields": {
    "email": "x0itvj@example.com"
  },
  "model": "hwdoc.email",
  "pk": 82
},
{
  "fields": {
    "email": "rd0k4tj9@example.com"
  },
  "model": "hwdoc.email",
  "pk": 83
},
{
  "fields": {
    "email": "c1zj4hwe7@example.com"
  },
  "model": "hwdoc.email",
  "pk": 84
},
{
  "fields": {
    "email": "sjxgl7@example.com"
  },
  "model": "hwdoc.email",
  "pk": 85
},
{
  "fields": {
    "email": "hd516t@example.com"
  },
  "model": "hwdoc.email",
  "pk": 86
},
{
  "fields": {
    "email": "bjklp7@example.com"
  },
  "model": "hwdoc.email",
  "pk": 87
},
{
  "fields": {
    "email": "ayulnf@example.com"
  },
  "model": "hwdoc.email",
  "pk": 88
},
{
  "fields": {
    "email": "krqpv6rfn@example.com"
  },
  "model": "hwdoc.email",
  "pk": 89
},
{
  "fields": {
    "email": "lob9inypw@example.com"
  },
  "model": "hwdoc.email",
  "pk": 90
},
{
  "fields": {
    "email": "s340i1bg7@example.com"
  },
  "model": "hwdoc.email",
  "pk": 91
},
{
  "fields": {
    "email": "or9c52x@example.com"
  },
  "model": "hwdoc.email",
  "pk": 92
},
{
  "fields": {
    "email": "8dzsthx@example.com"
  },
  "model": "hwdoc.email",
  "pk": 93
},
{
  "fields": {
    "email": "27fl0xprj@example.com"
  },
  "model": "hwdoc.email",
  "pk": 94
},
{
  "fields": {
    "email": "pnqllmf@example.com"
  },
  "model": "hwdoc.email",
  "pk": 95
},
{
  "fields": {
    "email": "3914p0cox9@example.com"
  },
  "model": "hwdoc.email",
  "pk": 96
},
{
  "fields": {
    "email": "umlgb6as1@example.com"
  },
  "model": "hwdoc.email",
  "pk": 97
},
{
  "fields": {
    "email": "5ou7ldfck@example.com"
  },
  "model": "hwdoc.email",
  "pk": 98
},
{
  "fields": {
    "email": "cuyq7ysb@example.com"
  },
  "model": "hwdoc.email",
  "pk": 99
},
{
  "fields": {
    "email": "tz7svpl@example.com"
  },
  "model": "hwdoc.email",
  "pk": 100
},
{
  "fields": {
    "number": "1037877692"
  },
  "model": "hwdoc.phone",
  "pk": 81
},
{
  "fields": {
    "number": "1398081889"
  },
  "model": "hwdoc.phone",
  "pk": 82
},
{
  "fields": {
    "number": "9373341957"
  },
  "model": "hwdoc.phone",
  "pk": 83
},
{
  "fields": {
    "number": "1754314329"
  },
  "model": "hwdoc.phone",
  "pk": 84
},
{
  "fields": {
    "number": "9800107422"
  },
  "model": "hwdoc.phone",
  "pk": 85
},
{
  "fields": {
    "number": "0831373618"
  },
  "model": "hwdoc.phone",
  "pk": 86
},
{
  "fields": {
    "number": "6401726052"
  },
  "model": "hwdoc.phone",
  "pk": 87
},
{
  "fields": {
    "number": "0053001372"
  },
  "model": "hwdoc.phone",
  "pk": 88
},
{
  "fields": {
    "number": "3431266912"
  },
  "model": "hwdoc.phone",
  "pk": 89
},
{
  "fields": {
    "number": "4199588648"
  },
  "model": "hwdoc.phone",
  "pk": 90
},
{
  "fields": {
    "number": "5088551341"
  },
  "model": "hwdoc.phone",
  "pk": 91
},
{
  "fields": {
    "number": "9440377027"
  },
  "model": "hwdoc.phone",
  "pk": 92
},
{
  "fields": {
    "number": "9869630037"
  },
  "model": "hwdoc.phone",
  "pk": 93
},
{
  "fields": {
    "number": "6306027941"
  },
  "model": "hwdoc.phone",
  "pk": 94
},
{
  "fields": {
    "number": "1773324891"
  },
  "model": "hwdoc.phone",
  "pk": 95
},
{
  "fields": {
    "number": "9168709854"
  },
  "model": "hwdoc.phone",
  "pk": 96
},
{
  "fields": {
    "number": "8566884654"
  },
  "model": "hwdoc.phone",
  "pk": 97
},
{
  "fields": {
    "number": "4400747819"
  },
  "model": "hwdoc.phone",
  "pk": 98
},
{
  "fields": {
    "number": "8653309640"
  },
  "model": "hwdoc.phone",
  "pk": 99
},
{
  "fields": {
    "number": "5228593291"
  },
  "model": "hwdoc.phone",
  "pk": 100
},
{
  "fields": {
    "phones": [
      87,
      90,
      99
    ],
    "surname": "Ipk",
    "name": "C8um",
    "emails": [
      86,
      92
    ]
  },
  "model": "hwdoc.person",
  "pk": 81
},
{
  "fields": {
    "phones": [
      83,
      98
    ],
    "surname": "Aj96afnsv",
    "name": "Rkj3t",
    "emails": [
      89,
      91
    ]
  },
  "model": "hwdoc.person",
  "pk": 82
},
{
  "fields": {
    "phones": [
      83,
      85
    ],
    "surname": "Wwga",
    "name": "Evt8t",
    "emails": [
      94
    ]
  },
  "model": "hwdoc.person",
  "pk": 83
},
{
  "fields": {
    "phones": [
      81,
      88,
      92
    ],
    "surname": "Q7yntj08",
    "name": "Hg5z2",
    "emails": [
      91,
      94
    ]
  },
  "model": "hwdoc.person",
  "pk": 84
},
{
  "fields": {
    "phones": [
      84
    ],
    "surname": "Ilv",
    "name": "Wt01yx",
    "emails": [
      91
    ]
  },
  "model": "hwdoc.person",
  "pk": 85
},
{
  "fields": {
    "phones": [
      88,
      91,
      99
    ],
    "surname": "59g3qks",
    "name": "Vwgtmouy",
    "emails": [
      85,
      100
    ]
  },
  "model": "hwdoc.person",
  "pk": 86
},
{
  "fields": {
    "phones": [
      89,
      100
    ],
    "surname": "Lzcp63uitw",
    "name": "Sfjaf",
    "emails": [
      92,
      94
    ]
  },
  "model": "hwdoc.person",
  "pk": 87
},
{
  "fields": {
    "phones": [
      81,
      87
    ],
    "surname": "Fgtq7fke90",
    "name": "Bxto713l",
    "emails": [
      88
    ]
  },
  "model": "hwdoc.person",
  "pk": 88
},
{
  "fields": {
    "phones": [
      89,
      100
    ],
    "surname": "3t2u4wn7j",
    "name": "Bm0",
    "emails": [
      82,
      99
    ]
  },
  "model": "hwdoc.person",
  "pk": 89
},
{
  "fields": {
    "phones": [
      90,
      97
    ],
    "surname": "0q0iavqr59",
    "name": "3oec",
    "emails": [
      86,
      95
    ]
  },
  "model": "hwdoc.person",
  "pk": 90
},
{
  "fields": {
    "phones": [
      83,
      90,
      99
    ],
    "surname": "3mt",
    "name": "9ovjofr4u3",
    "emails": [
      95
    ]
  },
  "model": "hwdoc.person",
  "pk": 91
},
{
  "fields": {
    "phones": [
      85,
      100
    ],
    "surname": "Kd6",
    "name": "26u8jzy8",
    "emails": [
      83
    ]
  },
  "model": "hwdoc.person",
  "pk": 92
},
{
  "fields": {
    "phones": [
      97
    ],
    "surname": "Zeqch61yl8",
    "name": "9qrfrs5d",
    "emails": [
      97,
      100
    ]
  },
  "model": "hwdoc.person",
  "pk": 93
},
{
  "fields": {
    "phones": [
      81,
      87
    ],
    "surname": "Ieby15h",
    "name": "Kfjm3",
    "emails": [
      85,
      99
    ]
  },
  "model": "hwdoc.person",
  "pk": 94
},
{
  "fields": {
    "phones": [
      83,
      85,
      89
    ],
    "surname": "Zgevtlmr2",
    "name": "Blfg3mn",
    "emails": [
      92
    ]
  },
  "model": "hwdoc.person",
  "pk": 95
},
{
  "fields": {
    "phones": [
      98
    ],
    "surname": "Skveozmum",
    "name": "7rrbv",
    "emails": [
      82,
      83
    ]
  },
  "model": "hwdoc.person",
  "pk": 96
},
{
  "fields": {
    "phones": [
      81
    ],
    "surname": "Zjpwrk",
    "name": "Oevs4rf",
    "emails": [
      89,
      93
    ]
  },
  "model": "hwdoc.person",
  "pk": 97
},
{
  "fields": {
    "phones": [
      81,
      92
    ],
    "surname": "1jjvom",
    "name": "9ch",
    "emails": [
      86,
      94
    ]
  },
  "model": "hwdoc.person",
  "pk": 98
},
{
  "fields": {
    "phones": [
      89
    ],
    "surname": "Id3emm",
    "name": "A7a85",
    "emails": [
      96
    ]
  },
  "model": "hwdoc.person",
  "pk": 99
},
{
  "fields": {
    "phones": [
      91
    ],
    "surname": "9oqcfsqka",
    "name": "By7x9mbr",
    "emails": [
      81,
      96
    ]
  },
  "model": "hwdoc.person",
  "pk": 100
},
{
  "fields": {
    "name": "F91e11i6"
  },
  "model": "hwdoc.project",
  "pk": 81
},
{
  "fields": {
    "name": "Bm03rdfe"
  },
  "model": "hwdoc.project",
  "pk": 82
},
{
  "fields": {
    "name": "K1di1dv"
  },
  "model": "hwdoc.project",
  "pk": 83
},
{
  "fields": {
    "name": "Drt0ywebd"
  },
  "model": "hwdoc.project",
  "pk": 84
},
{
  "fields": {
    "name": "6fkp3hqp"
  },
  "model": "hwdoc.project",
  "pk": 85
},
{
  "fields": {
    "name": "Ed8d3wdu"
  },
  "model": "hwdoc.project",
  "pk": 86
},
{
  "fields": {
    "name": "Hb9xd5"
  },
  "model": "hwdoc.project",
  "pk": 87
},
{
  "fields": {
    "name": "Ha5em7mhx0"
  },
  "model": "hwdoc.project",
  "pk": 88
},
{
  "fields": {
    "name": "Ngpwbk815"
  },
  "model": "hwdoc.project",
  "pk": 89
},
{
  "fields": {
    "name": "Fxdbcpnyl"
  },
  "model": "hwdoc.project",
  "pk": 90
},
{
  "fields": {
    "name": "58mfqmp"
  },
  "model": "hwdoc.project",
  "pk": 91
},
{
  "fields": {
    "name": "Kpxzrj2r"
  },
  "model": "hwdoc.project",
  "pk": 92
},
{
  "fields": {
    "name": "6iu8tex0y"
  },
  "model": "hwdoc.project",
  "pk": 93
},
{
  "fields": {
    "name": "Nogm1p"
  },
  "model": "hwdoc.project",
  "pk": 94
},
{
  "fields": {
    "name": "Fwai0f91"
  },
  "model": "hwdoc.project",
  "pk": 95
},
{
  "fields": {
    "name": "4v69jbo29v"
  },
  "model": "hwdoc.project",
  "pk": 96
},
{
  "fields": {
    "name": "3brhnf47t"
  },
  "model": "hwdoc.project",
  "pk": 97
},
{
  "fields": {
    "name": "2cqk7v"
  },
  "model": "hwdoc.project",
  "pk": 98
},
{
  "fields": {
    "name": "Zf5icb"
  },
  "model": "hwdoc.project",
  "pk": 99
},
{
  "fields": {
    "name": "72zpug"
  },
  "model": "hwdoc.project",
  "pk": 100
},
{
  "fields": {
    "project": 97,
    "person": 85,
    "role": "manager"
  },
  "model": "hwdoc.role",
  "pk": 48
},
{
  "fields": {
    "project": 99,
    "person": 89,
    "role": "manager"
  },
  "model": "hwdoc.role",
  "pk": 49
},
{
  "fields": {
    "project": 81,
    "person": 99,
    "role": "manager"
  },
  "model": "hwdoc.role",
  "pk": 50
},
{
  "fields": {
    "project": 82,
    "person": 86,
    "role": "manager"
  },
  "model": "hwdoc.role",
  "pk": 51
},
{
  "fields": {
    "project": 83,
    "person": 97,
    "role": "manager"
  },
  "model": "hwdoc.role",
  "pk": 52
},
{
  "fields": {
    "project": 85,
    "person": 100,
    "role": "manager"
  },
  "model": "hwdoc.role",
  "pk": 53
},
{
  "fields": {
    "project": 87,
    "person": 89,
    "role": "manager"
  },
  "model": "hwdoc.role",
  "pk": 54
},
{
  "fields": {
    "project": 88,
    "person": 100,
    "role": "manager"
  },
  "model": "hwdoc.role",
  "pk": 55
},
{
  "fields": {
    "project": 92,
    "person": 89,
    "role": "manager"
  },
  "model": "hwdoc.role",
  "pk": 56
},
{
  "fields": {
    "project": 93,
    "person": 91,
    "role": "manager"
  },
  "model": "hwdoc.role",
  "pk": 57
},
{
  "fields": {
    "project": 94,
    "person": 91,
    "role": "manager"
  },
  "model": "hwdoc.role",
  "pk": 58
},
{
  "fields": {
    "name": "1q1vhjma73"
  },
  "model": "hwdoc.datacenter",
  "pk": 21
},
{
  "fields": {
    "name": "Mffvo3"
  },
  "model": "hwdoc.datacenter",
  "pk": 22
},
{
  "fields": {
    "name": "Myl9le"
  },
  "model": "hwdoc.datacenter",
  "pk": 23
},
{
  "fields": {
    "name": "0h0u3t6cd"
  },
  "model": "hwdoc.datacenter",
  "pk": 24
},
{
  "fields": {
    "name": "67b45h5"
  },
  "model": "hwdoc.datacenter",
  "pk": 25
},
{
  "fields": {
    "name": "Someother"
  },
  "model": "hwdoc.vendor",
  "pk": 21
},
{
  "fields": {
    "name": "Fujitsu"
  },
  "model": "hwdoc.vendor",
  "pk": 22
},
{
  "fields": {
    "name": "IBM"
  },
  "model": "hwdoc.vendor",
  "pk": 23
},
{
  "fields": {
    "name": "Dell"
  },
  "model": "hwdoc.vendor",
  "pk": 24
},
{
  "fields": {
    "name": "HP"
  },
  "model": "hwdoc.vendor",
  "pk": 25
},
{
  "fields": {
    "min_mounting_depth": 35,
    "vendor": 23,
    "name": "poee6c",
    "inrow_ac": false,
    "height": 30,
    "width": 40,
    "max_mounting_depth": 50
  },
  "model": "hwdoc.rackmodel",
  "pk": 81
},
{
  "fields": {
    "min_mounting_depth": 20,
    "vendor": 21,
    "name": "wzqouo",
    "inrow_ac": false,
    "height": 50,
    "width": 40,
    "max_mounting_depth": 50
  },
  "model": "hwdoc.rackmodel",
  "pk": 82
},
{
  "fields": {
    "min_mounting_depth": 35,
    "vendor": 22,
    "name": "alead0fxzf",
    "inrow_ac": false,
    "height": 42,
    "width": 60,
    "max_mounting_depth": 40
  },
  "model": "hwdoc.rackmodel",
  "pk": 83
},
{
  "fields": {
    "min_mounting_depth": 35,
    "vendor": 23,
    "name": "5iituvqj",
    "inrow_ac": false,
    "height": 52,
    "width": 40,
    "max_mounting_depth": 50
  },
  "model": "hwdoc.rackmodel",
  "pk": 84
},
{
  "fields": {
    "min_mounting_depth": 20,
    "vendor": 22,
    "name": "xuoq4n",
    "inrow_ac": false,
    "height": 50,
    "width": 40,
    "max_mounting_depth": 50
  },
  "model": "hwdoc.rackmodel",
  "pk": 85
},
{
  "fields": {
    "min_mounting_depth": 25,
    "vendor": 25,
    "name": "ezmqd988q3",
    "inrow_ac": false,
    "height": 40,
    "width": 50,
    "max_mounting_depth": 40
  },
  "model": "hwdoc.rackmodel",
  "pk": 86
},
{
  "fields": {
    "min_mounting_depth": 20,
    "vendor": 24,
    "name": "zuc7qsurj",
    "inrow_ac": false,
    "height": 40,
    "width": 50,
    "max_mounting_depth": 60
  },
  "model": "hwdoc.rackmodel",
  "pk": 87
},
{
  "fields": {
    "min_mounting_depth": 35,
    "vendor": 23,
    "name": "aptsrjevx",
    "inrow_ac": false,
    "height": 40,
    "width": 50,
    "max_mounting_depth": 40
  },
  "model": "hwdoc.rackmodel",
  "pk": 88
},
{
  "fields": {
    "min_mounting_depth": 25,
    "vendor": 23,
    "name": "7xexnot",
    "inrow_ac": true,
    "height": 40,
    "width": 50,
    "max_mounting_depth": 40
  },
  "model": "hwdoc.rackmodel",
  "pk": 89
},
{
  "fields": {
    "min_mounting_depth": 35,
    "vendor": 22,
    "name": "g8ui9bzb",
    "inrow_ac": false,
    "height": 42,
    "width": 40,
    "max_mounting_depth": 40
  },
  "model": "hwdoc.rackmodel",
  "pk": 90
},
{
  "fields": {
    "min_mounting_depth": 20,
    "vendor": 24,
    "name": "pdrh96",
    "inrow_ac": false,
    "height": 50,
    "width": 60,
    "max_mounting_depth": 60
  },
  "model": "hwdoc.rackmodel",
  "pk": 91
},
{
  "fields": {
    "min_mounting_depth": 20,
    "vendor": 25,
    "name": "ia559ld2q1",
    "inrow_ac": false,
    "height": 50,
    "width": 50,
    "max_mounting_depth": 40
  },
  "model": "hwdoc.rackmodel",
  "pk": 92
},
{
  "fields": {
    "min_mounting_depth": 20,
    "vendor": 24,
    "name": "0t3v8rh31",
    "inrow_ac": false,
    "height": 42,
    "width": 60,
    "max_mounting_depth": 50
  },
  "model": "hwdoc.rackmodel",
  "pk": 93
},
{
  "fields": {
    "min_mounting_depth": 20,
    "vendor": 23,
    "name": "sxnpavk",
    "inrow_ac": false,
    "height": 42,
    "width": 60,
    "max_mounting_depth": 60
  },
  "model": "hwdoc.rackmodel",
  "pk": 94
},
{
  "fields": {
    "min_mounting_depth": 35,
    "vendor": 25,
    "name": "uqqp2o",
    "inrow_ac": false,
    "height": 40,
    "width": 60,
    "max_mounting_depth": 40
  },
  "model": "hwdoc.rackmodel",
  "pk": 95
},
{
  "fields": {
    "min_mounting_depth": 40,
    "vendor": 22,
    "name": "ewxs40r",
    "inrow_ac": true,
    "height": 42,
    "width": 40,
    "max_mounting_depth": 50
  },
  "model": "hwdoc.rackmodel",
  "pk": 96
},
{
  "fields": {
    "min_mounting_depth": 40,
    "vendor": 23,
    "name": "b2sm5vp",
    "inrow_ac": false,
    "height": 50,
    "width": 40,
    "max_mounting_depth": 50
  },
  "model": "hwdoc.rackmodel",
  "pk": 97
},
{
  "fields": {
    "min_mounting_depth": 35,
    "vendor": 21,
    "name": "34julqow0",
    "inrow_ac": false,
    "height": 50,
    "width": 50,
    "max_mounting_depth": 40
  },
  "model": "hwdoc.rackmodel",
  "pk": 98
},
{
  "fields": {
    "min_mounting_depth": 35,
    "vendor": 21,
    "name": "z7m939vc6",
    "inrow_ac": true,
    "height": 42,
    "width": 60,
    "max_mounting_depth": 40
  },
  "model": "hwdoc.rackmodel",
  "pk": 99
},
{
  "fields": {
    "min_mounting_depth": 35,
    "vendor": 22,
    "name": "7jgcaqy",
    "inrow_ac": false,
    "height": 52,
    "width": 40,
    "max_mounting_depth": 40
  },
  "model": "hwdoc.rackmodel",
  "pk": 100
},
{
  "fields": {
    "model": 89,
    "name": "5CJLI",
    "mounted_depth": 60
  },
  "model": "hwdoc.rack",
  "pk": 321
},
{
  "fields": {
    "model": 91,
    "name": "ABQCCNS",
    "mounted_depth": 60
  },
  "model": "hwdoc.rack",
  "pk": 322
},
{
  "fields": {
    "model": 96,
    "name": "VE9A",
    "mounted_depth": 60
  },
  "model": "hwdoc.rack",
  "pk": 323
},
{
  "fields": {
    "model": 90,
    "name": "LCOAE",
    "mounted_depth": 60
  },
  "model": "hwdoc.rack",
  "pk": 324
},
{
  "fields": {
    "model": 88,
    "name": "LUGL1K",
    "mounted_depth": 60
  },
  "model": "hwdoc.rack",
  "pk": 325
},
{
  "fields": {
    "model": 91,
    "name": "G4Q83LM6",
    "mounted_depth": 60
  },
  "model": "hwdoc.rack",
  "pk": 326
},
{
  "fields": {
    "model": 86,
    "name": "JBKCC2O",
    "mounted_depth": 60
  },
  "model": "hwdoc.rack",
  "pk": 327
},
{
  "fields": {
    "model": 92,
    "name": "BEWRHJ7J",
    "mounted_depth": 60
  },
  "model": "hwdoc.rack",
  "pk": 328
},
{
  "fields": {
    "model": 100,
    "name": "E8DJIY2",
    "mounted_depth": 60
  },
  "model": "hwdoc.rack",
  "pk": 329
},
{
  "fields": {
    "model": 94,
    "name": "C9RX4M",
    "mounted_depth": 60
  },
  "model": "hwdoc.rack",
  "pk": 330
},
{
  "fields": {
    "model": 81,
    "name": "HLL4E1OL",
    "mounted_depth": 60
  },
  "model": "hwdoc.rack",
  "pk": 331
},
{
  "fields": {
    "model": 96,
    "name": "GCJB6",
    "mounted_depth": 60
  },
  "model": "hwdoc.rack",
  "pk": 332
},
{
  "fields": {
    "model": 91,
    "name": "F3B5AOP",
    "mounted_depth": 60
  },
  "model": "hwdoc.rack",
  "pk": 333
},
{
  "fields": {
    "model": 84,
    "name": "SZUPYN",
    "mounted_depth": 60
  },
  "model": "hwdoc.rack",
  "pk": 334
},
{
  "fields": {
    "model": 99,
    "name": "TMFYX",
    "mounted_depth": 60
  },
  "model": "hwdoc.rack",
  "pk": 335
},
{
  "fields": {
    "model": 91,
    "name": "YZQUI9X2",
    "mounted_depth": 60
  },
  "model": "hwdoc.rack",
  "pk": 336
},
{
  "fields": {
    "model": 87,
    "name": "AHNDX",
    "mounted_depth": 60
  },
  "model": "hwdoc.rack",
  "pk": 337
},
{
  "fields": {
    "model": 89,
    "name": "R8OLAIO5",
    "mounted_depth": 60
  },
  "model": "hwdoc.rack",
  "pk": 338
},
{
  "fields": {
    "model": 85,
    "name": "IY6WS",
    "mounted_depth": 60
  },
  "model": "hwdoc.rack",
  "pk": 339
},
{
  "fields": {
    "model": 82,
    "name": "G33I0ZZ",
    "mounted_depth": 60
  },
  "model": "hwdoc.rack",
  "pk": 340
},
{
  "fields": {
    "model": 89,
    "name": "AZCUWV",
    "mounted_depth": 60
  },
  "model": "hwdoc.rack",
  "pk": 341
},
{
  "fields": {
    "model": 93,
    "name": "WVPRT",
    "mounted_depth": 60
  },
  "model": "hwdoc.rack",
  "pk": 342
},
{
  "fields": {
    "model": 82,
    "name": "V0FHG6EX",
    "mounted_depth": 60
  },
  "model": "hwdoc.rack",
  "pk": 343
},
{
  "fields": {
    "model": 89,
    "name": "XKJ08F",
    "mounted_depth": 60
  },
  "model": "hwdoc.rack",
  "pk": 344
},
{
  "fields": {
    "model": 92,
    "name": "HLL6BJ3",
    "mounted_depth": 60
  },
  "model": "hwdoc.rack",
  "pk": 345
},
{
  "fields": {
    "model": 83,
    "name": "D12IL",
    "mounted_depth": 60
  },
  "model": "hwdoc.rack",
  "pk": 346
},
{
  "fields": {
    "model": 89,
    "name": "SOMMDI",
    "mounted_depth": 60
  },
  "model": "hwdoc.rack",
  "pk": 347
},
{
  "fields": {
    "model": 84,
    "name": "DFGLY",
    "mounted_depth": 60
  },
  "model": "hwdoc.rack",
  "pk": 348
},
{
  "fields": {
    "model": 92,
    "name": "JXJHLDT6",
    "mounted_depth": 60
  },
  "model": "hwdoc.rack",
  "pk": 349
},
{
  "fields": {
    "model": 87,
    "name": "ZMS8597Y",
    "mounted_depth": 60
  },
  "model": "hwdoc.rack",
  "pk": 350
},
{
  "fields": {
    "model": 89,
    "name": "PETZZVNZ",
    "mounted_depth": 60
  },
  "model": "hwdoc.rack",
  "pk": 351
},
{
  "fields": {
    "model": 99,
    "name": "0FTQ7",
    "mounted_depth": 60
  },
  "model": "hwdoc.rack",
  "pk": 352
},
{
  "fields": {
    "model": 97,
    "name": "NYS6",
    "mounted_depth": 60
  },
  "model": "hwdoc.rack",
  "pk": 353
},
{
  "fields": {
    "model": 99,
    "name": "OPEP2",
    "mounted_depth": 60
  },
  "model": "hwdoc.rack",
  "pk": 354
},
{
  "fields": {
    "model": 85,
    "name": "0OTFR",
    "mounted_depth": 60
  },
  "model": "hwdoc.rack",
  "pk": 355
},
{
  "fields": {
    "model": 94,
    "name": "TAS9",
    "mounted_depth": 60
  },
  "model": "hwdoc.rack",
  "pk": 356
},
{
  "fields": {
    "model": 91,
    "name": "GYSE8EGE",
    "mounted_depth": 60
  },
  "model": "hwdoc.rack",
  "pk": 357
},
{
  "fields": {
    "model": 84,
    "name": "7FDDI70",
    "mounted_depth": 60
  },
  "model": "hwdoc.rack",
  "pk": 358
},
{
  "fields": {
    "model": 87,
    "name": "9SZEHMX",
    "mounted_depth": 60
  },
  "model": "hwdoc.rack",
  "pk": 359
},
{
  "fields": {
    "model": 91,
    "name": "2JI5X",
    "mounted_depth": 60
  },
  "model": "hwdoc.rack",
  "pk": 360
},
{
  "fields": {
    "model": 97,
    "name": "QSYWJW",
    "mounted_depth": 60
  },
  "model": "hwdoc.rack",
  "pk": 361
},
{
  "fields": {
    "model": 83,
    "name": "HEC9F",
    "mounted_depth": 60
  },
  "model": "hwdoc.rack",
  "pk": 362
},
{
  "fields": {
    "model": 99,
    "name": "JWVL0WT",
    "mounted_depth": 60
  },
  "model": "hwdoc.rack",
  "pk": 363
},
{
  "fields": {
    "model": 82,
    "name": "MYNGPDQ",
    "mounted_depth": 60
  },
  "model": "hwdoc.rack",
  "pk": 364
},
{
  "fields": {
    "model": 87,
    "name": "7BGT",
    "mounted_depth": 60
  },
  "model": "hwdoc.rack",
  "pk": 365
},
{
  "fields": {
    "model": 90,
    "name": "NUQ06J",
    "mounted_depth": 60
  },
  "model": "hwdoc.rack",
  "pk": 366
},
{
  "fields": {
    "model": 96,
    "name": "7NKDEZQY",
    "mounted_depth": 60
  },
  "model": "hwdoc.rack",
  "pk": 367
},
{
  "fields": {
    "model": 83,
    "name": "9B8U",
    "mounted_depth": 60
  },
  "model": "hwdoc.rack",
  "pk": 368
},
{
  "fields": {
    "model": 92,
    "name": "NK1P031",
    "mounted_depth": 60
  },
  "model": "hwdoc.rack",
  "pk": 369
},
{
  "fields": {
    "model": 95,
    "name": "KY8QZCR",
    "mounted_depth": 60
  },
  "model": "hwdoc.rack",
  "pk": 370
},
{
  "fields": {
    "model": 91,
    "name": "K48YY",
    "mounted_depth": 60
  },
  "model": "hwdoc.rack",
  "pk": 371
},
{
  "fields": {
    "model": 85,
    "name": "JS73CIT",
    "mounted_depth": 60
  },
  "model": "hwdoc.rack",
  "pk": 372
},
{
  "fields": {
    "model": 98,
    "name": "MOLAM7L7",
    "mounted_depth": 60
  },
  "model": "hwdoc.rack",
  "pk": 373
},
{
  "fields": {
    "model": 81,
    "name": "IVG2ISV",
    "mounted_depth": 60
  },
  "model": "hwdoc.rack",
  "pk": 374
},
{
  "fields": {
    "model": 90,
    "name": "9GTH33UD",
    "mounted_depth": 60
  },
  "model": "hwdoc.rack",
  "pk": 375
},
{
  "fields": {
    "model": 94,
    "name": "9FGF20",
    "mounted_depth": 60
  },
  "model": "hwdoc.rack",
  "pk": 376
},
{
  "fields": {
    "model": 81,
    "name": "TKQW2SSI",
    "mounted_depth": 60
  },
  "model": "hwdoc.rack",
  "pk": 377
},
{
  "fields": {
    "model": 86,
    "name": "4MDCRVFR",
    "mounted_depth": 60
  },
  "model": "hwdoc.rack",
  "pk": 378
},
{
  "fields": {
    "model": 81,
    "name": "44B85R74",
    "mounted_depth": 60
  },
  "model": "hwdoc.rack",
  "pk": 379
},
{
  "fields": {
    "model": 91,
    "name": "TF2CE9",
    "mounted_depth": 60
  },
  "model": "hwdoc.rack",
  "pk": 380
},
{
  "fields": {
    "model": 98,
    "name": "NDIR",
    "mounted_depth": 60
  },
  "model": "hwdoc.rack",
  "pk": 381
},
{
  "fields": {
    "model": 90,
    "name": "NSCJY42H",
    "mounted_depth": 60
  },
  "model": "hwdoc.rack",
  "pk": 382
},
{
  "fields": {
    "model": 86,
    "name": "2CYCQ0B",
    "mounted_depth": 60
  },
  "model": "hwdoc.rack",
  "pk": 383
},
{
  "fields": {
    "model": 92,
    "name": "EL5J",
    "mounted_depth": 60
  },
  "model": "hwdoc.rack",
  "pk": 384
},
{
  "fields": {
    "model": 98,
    "name": "AAVD8",
    "mounted_depth": 60
  },
  "model": "hwdoc.rack",
  "pk": 385
},
{
  "fields": {
    "model": 89,
    "name": "9AW155Y",
    "mounted_depth": 60
  },
  "model": "hwdoc.rack",
  "pk": 386
},
{
  "fields": {
    "model": 84,
    "name": "12IY",
    "mounted_depth": 60
  },
  "model": "hwdoc.rack",
  "pk": 387
},
{
  "fields": {
    "model": 97,
    "name": "7JMCP1",
    "mounted_depth": 60
  },
  "model": "hwdoc.rack",
  "pk": 388
},
{
  "fields": {
    "model": 96,
    "name": "4MLF",
    "mounted_depth": 60
  },
  "model": "hwdoc.rack",
  "pk": 389
},
{
  "fields": {
    "model": 100,
    "name": "Y5PCT",
    "mounted_depth": 60
  },
  "model": "hwdoc.rack",
  "pk": 390
},
{
  "fields": {
    "model": 98,
    "name": "P9J1TD",
    "mounted_depth": 60
  },
  "model": "hwdoc.rack",
  "pk": 391
},
{
  "fields": {
    "model": 82,
    "name": "MBSUDM70",
    "mounted_depth": 60
  },
  "model": "hwdoc.rack",
  "pk": 392
},
{
  "fields": {
    "model": 95,
    "name": "404T2M",
    "mounted_depth": 60
  },
  "model": "hwdoc.rack",
  "pk": 393
},
{
  "fields": {
    "model": 83,
    "name": "V2L11KP",
    "mounted_depth": 60
  },
  "model": "hwdoc.rack",
  "pk": 394
},
{
  "fields": {
    "model": 93,
    "name": "2EYK6",
    "mounted_depth": 60
  },
  "model": "hwdoc.rack",
  "pk": 395
},
{
  "fields": {
    "model": 96,
    "name": "66QIYTMX",
    "mounted_depth": 60
  },
  "model": "hwdoc.rack",
  "pk": 396
},
{
  "fields": {
    "model": 95,
    "name": "AC4OOMN",
    "mounted_depth": 60
  },
  "model": "hwdoc.rack",
  "pk": 397
},
{
  "fields": {
    "model": 92,
    "name": "X27BE02",
    "mounted_depth": 60
  },
  "model": "hwdoc.rack",
  "pk": 398
},
{
  "fields": {
    "model": 83,
    "name": "D0CXQEFJ",
    "mounted_depth": 60
  },
  "model": "hwdoc.rack",
  "pk": 399
},
{
  "fields": {
    "model": 93,
    "name": "W1JL1",
    "mounted_depth": 60
  },
  "model": "hwdoc.rack",
  "pk": 400
},
{
  "fields": {
    "name": "0CFS3WY",
    "dc": 23
  },
  "model": "hwdoc.rackrow",
  "pk": 81
},
{
  "fields": {
    "name": "8NZKYR2",
    "dc": 24
  },
  "model": "hwdoc.rackrow",
  "pk": 82
},
{
  "fields": {
    "name": "7NB6C8T3U",
    "dc": 25
  },
  "model": "hwdoc.rackrow",
  "pk": 83
},
{
  "fields": {
    "name": "JZGDCBK",
    "dc": 22
  },
  "model": "hwdoc.rackrow",
  "pk": 84
},
{
  "fields": {
    "name": "LOUTS51",
    "dc": 25
  },
  "model": "hwdoc.rackrow",
  "pk": 85
},
{
  "fields": {
    "name": "LD5T0LRSUF",
    "dc": 25
  },
  "model": "hwdoc.rackrow",
  "pk": 86
},
{
  "fields": {
    "name": "M9OQ827N",
    "dc": 23
  },
  "model": "hwdoc.rackrow",
  "pk": 87
},
{
  "fields": {
    "name": "0FIO32",
    "dc": 22
  },
  "model": "hwdoc.rackrow",
  "pk": 88
},
{
  "fields": {
    "name": "VKRJ30ARH8",
    "dc": 23
  },
  "model": "hwdoc.rackrow",
  "pk": 89
},
{
  "fields": {
    "name": "ISHEZMICN",
    "dc": 22
  },
  "model": "hwdoc.rackrow",
  "pk": 90
},
{
  "fields": {
    "name": "7P7TI0KU",
    "dc": 23
  },
  "model": "hwdoc.rackrow",
  "pk": 91
},
{
  "fields": {
    "name": "BDOYGTQ7I",
    "dc": 23
  },
  "model": "hwdoc.rackrow",
  "pk": 92
},
{
  "fields": {
    "name": "WK7RABS",
    "dc": 21
  },
  "model": "hwdoc.rackrow",
  "pk": 93
},
{
  "fields": {
    "name": "MARLQG4C",
    "dc": 24
  },
  "model": "hwdoc.rackrow",
  "pk": 94
},
{
  "fields": {
    "name": "5DBDP6Q",
    "dc": 23
  },
  "model": "hwdoc.rackrow",
  "pk": 95
},
{
  "fields": {
    "name": "LAWCBYSX",
    "dc": 25
  },
  "model": "hwdoc.rackrow",
  "pk": 96
},
{
  "fields": {
    "name": "6S8XK6EHQY",
    "dc": 24
  },
  "model": "hwdoc.rackrow",
  "pk": 97
},
{
  "fields": {
    "name": "0B3VO3KC",
    "dc": 25
  },
  "model": "hwdoc.rackrow",
  "pk": 98
},
{
  "fields": {
    "name": "JVX37F8",
    "dc": 25
  },
  "model": "hwdoc.rackrow",
  "pk": 99
},
{
  "fields": {
    "name": "GVJLXJCV95",
    "dc": 24
  },
  "model": "hwdoc.rackrow",
  "pk": 100
},
{
  "fields": {
    "name": "2l0zxifv",
    "dc": 25
  },
  "model": "hwdoc.storage",
  "pk": 29
},
{
  "fields": {
    "name": "4xucpxrgrl",
    "dc": 21
  },
  "model": "hwdoc.storage",
  "pk": 30
},
{
  "fields": {
    "name": "0mfmqd3c",
    "dc": 23
  },
  "model": "hwdoc.storage",
  "pk": 31
},
{
  "fields": {
    "name": "5wjanqaq9h",
    "dc": 25
  },
  "model": "hwdoc.storage",
  "pk": 32
},
{
  "fields": {
    "name": "Snxu60k0vm",
    "dc": 23
  },
  "model": "hwdoc.storage",
  "pk": 33
},
{
  "fields": {
    "name": "Selt2i",
    "dc": 21
  },
  "model": "hwdoc.storage",
  "pk": 34
},
{
  "fields": {
    "name": "Zlwkhn5",
    "dc": 23
  },
  "model": "hwdoc.storage",
  "pk": 35
},
{
  "fields": {
    "position": 5,
    "rack": 321,
    "rr": 85
  },
  "model": "hwdoc.rackposition",
  "pk": 321
},
{
  "fields": {
    "position": 5,
    "rack": 322,
    "rr": 84
  },
  "model": "hwdoc.rackposition",
  "pk": 322
},
{
  "fields": {
    "position": 6,
    "rack": 323,
    "rr": 81
  },
  "model": "hwdoc.rackposition",
  "pk": 323
},
{
  "fields": {
    "position": 7,
    "rack": 324,
    "rr": 92
  },
  "model": "hwdoc.rackposition",
  "pk": 324
},
{
  "fields": {
    "position": 7,
    "rack": 325,
    "rr": 90
  },
  "model": "hwdoc.rackposition",
  "pk": 325
},
{
  "fields": {
    "position": 1,
    "rack": 326,
    "rr": 99
  },
  "model": "hwdoc.rackposition",
  "pk": 326
},
{
  "fields": {
    "position": 8,
    "rack": 327,
    "rr": 94
  },
  "model": "hwdoc.rackposition",
  "pk": 327
},
{
  "fields": {
    "position": 2,
    "rack": 328,
    "rr": 95
  },
  "model": "hwdoc.rackposition",
  "pk": 328
},
{
  "fields": {
    "position": 7,
    "rack": 329,
    "rr": 85
  },
  "model": "hwdoc.rackposition",
  "pk": 329
},
{
  "fields": {
    "position": 5,
    "rack": 330,
    "rr": 99
  },
  "model": "hwdoc.rackposition",
  "pk": 330
},
{
  "fields": {
    "position": 8,
    "rack": 331,
    "rr": 100
  },
  "model": "hwdoc.rackposition",
  "pk": 331
},
{
  "fields": {
    "position": 0,
    "rack": 332,
    "rr": 99
  },
  "model": "hwdoc.rackposition",
  "pk": 332
},
{
  "fields": {
    "position": 0,
    "rack": 333,
    "rr": 91
  },
  "model": "hwdoc.rackposition",
  "pk": 333
},
{
  "fields": {
    "position": 4,
    "rack": 334,
    "rr": 93
  },
  "model": "hwdoc.rackposition",
  "pk": 334
},
{
  "fields": {
    "position": 6,
    "rack": 335,
    "rr": 94
  },
  "model": "hwdoc.rackposition",
  "pk": 335
},
{
  "fields": {
    "position": 0,
    "rack": 336,
    "rr": 98
  },
  "model": "hwdoc.rackposition",
  "pk": 336
},
{
  "fields": {
    "position": 1,
    "rack": 337,
    "rr": 89
  },
  "model": "hwdoc.rackposition",
  "pk": 337
},
{
  "fields": {
    "position": 6,
    "rack": 338,
    "rr": 82
  },
  "model": "hwdoc.rackposition",
  "pk": 338
},
{
  "fields": {
    "position": 2,
    "rack": 339,
    "rr": 97
  },
  "model": "hwdoc.rackposition",
  "pk": 339
},
{
  "fields": {
    "position": 1,
    "rack": 340,
    "rr": 81
  },
  "model": "hwdoc.rackposition",
  "pk": 340
},
{
  "fields": {
    "position": 6,
    "rack": 341,
    "rr": 87
  },
  "model": "hwdoc.rackposition",
  "pk": 341
},
{
  "fields": {
    "position": 8,
    "rack": 342,
    "rr": 96
  },
  "model": "hwdoc.rackposition",
  "pk": 342
},
{
  "fields": {
    "position": 5,
    "rack": 343,
    "rr": 100
  },
  "model": "hwdoc.rackposition",
  "pk": 343
},
{
  "fields": {
    "position": 5,
    "rack": 344,
    "rr": 92
  },
  "model": "hwdoc.rackposition",
  "pk": 344
},
{
  "fields": {
    "position": 7,
    "rack": 345,
    "rr": 82
  },
  "model": "hwdoc.rackposition",
  "pk": 345
},
{
  "fields": {
    "position": 1,
    "rack": 346,
    "rr": 89
  },
  "model": "hwdoc.rackposition",
  "pk": 346
},
{
  "fields": {
    "position": 0,
    "rack": 347,
    "rr": 88
  },
  "model": "hwdoc.rackposition",
  "pk": 347
},
{
  "fields": {
    "position": 5,
    "rack": 348,
    "rr": 83
  },
  "model": "hwdoc.rackposition",
  "pk": 348
},
{
  "fields": {
    "position": 3,
    "rack": 349,
    "rr": 85
  },
  "model": "hwdoc.rackposition",
  "pk": 349
},
{
  "fields": {
    "position": 1,
    "rack": 350,
    "rr": 87
  },
  "model": "hwdoc.rackposition",
  "pk": 350
},
{
  "fields": {
    "position": 2,
    "rack": 351,
    "rr": 94
  },
  "model": "hwdoc.rackposition",
  "pk": 351
},
{
  "fields": {
    "position": 6,
    "rack": 352,
    "rr": 94
  },
  "model": "hwdoc.rackposition",
  "pk": 352
},
{
  "fields": {
    "position": 6,
    "rack": 353,
    "rr": 86
  },
  "model": "hwdoc.rackposition",
  "pk": 353
},
{
  "fields": {
    "position": 7,
    "rack": 354,
    "rr": 86
  },
  "model": "hwdoc.rackposition",
  "pk": 354
},
{
  "fields": {
    "position": 1,
    "rack": 355,
    "rr": 92
  },
  "model": "hwdoc.rackposition",
  "pk": 355
},
{
  "fields": {
    "position": 2,
    "rack": 356,
    "rr": 98
  },
  "model": "hwdoc.rackposition",
  "pk": 356
},
{
  "fields": {
    "position": 7,
    "rack": 357,
    "rr": 94
  },
  "model": "hwdoc.rackposition",
  "pk": 357
},
{
  "fields": {
    "position": 3,
    "rack": 358,
    "rr": 92
  },
  "model": "hwdoc.rackposition",
  "pk": 358
},
{
  "fields": {
    "position": 3,
    "rack": 359,
    "rr": 90
  },
  "model": "hwdoc.rackposition",
  "pk": 359
},
{
  "fields": {
    "position": 7,
    "rack": 360,
    "rr": 91
  },
  "model": "hwdoc.rackposition",
  "pk": 360
},
{
  "fields": {
    "position": 5,
    "rack": 361,
    "rr": 94
  },
  "model": "hwdoc.rackposition",
  "pk": 361
},
{
  "fields": {
    "position": 0,
    "rack": 362,
    "rr": 92
  },
  "model": "hwdoc.rackposition",
  "pk": 362
},
{
  "fields": {
    "position": 8,
    "rack": 363,
    "rr": 92
  },
  "model": "hwdoc.rackposition",
  "pk": 363
},
{
  "fields": {
    "position": 3,
    "rack": 364,
    "rr": 83
  },
  "model": "hwdoc.rackposition",
  "pk": 364
},
{
  "fields": {
    "position": 4,
    "rack": 365,
    "rr": 84
  },
  "model": "hwdoc.rackposition",
  "pk": 365
},
{
  "fields": {
    "position": 3,
    "rack": 366,
    "rr": 85
  },
  "model": "hwdoc.rackposition",
  "pk": 366
},
{
  "fields": {
    "position": 6,
    "rack": 367,
    "rr": 85
  },
  "model": "hwdoc.rackposition",
  "pk": 367
},
{
  "fields": {
    "position": 3,
    "rack": 368,
    "rr": 85
  },
  "model": "hwdoc.rackposition",
  "pk": 368
},
{
  "fields": {
    "position": 8,
    "rack": 369,
    "rr": 82
  },
  "model": "hwdoc.rackposition",
  "pk": 369
},
{
  "fields": {
    "position": 3,
    "rack": 370,
    "rr": 98
  },
  "model": "hwdoc.rackposition",
  "pk": 370
},
{
  "fields": {
    "position": 8,
    "rack": 371,
    "rr": 82
  },
  "model": "hwdoc.rackposition",
  "pk": 371
},
{
  "fields": {
    "position": 4,
    "rack": 372,
    "rr": 82
  },
  "model": "hwdoc.rackposition",
  "pk": 372
},
{
  "fields": {
    "position": 3,
    "rack": 373,
    "rr": 84
  },
  "model": "hwdoc.rackposition",
  "pk": 373
},
{
  "fields": {
    "position": 2,
    "rack": 374,
    "rr": 94
  },
  "model": "hwdoc.rackposition",
  "pk": 374
},
{
  "fields": {
    "position": 8,
    "rack": 375,
    "rr": 92
  },
  "model": "hwdoc.rackposition",
  "pk": 375
},
{
  "fields": {
    "position": 8,
    "rack": 376,
    "rr": 82
  },
  "model": "hwdoc.rackposition",
  "pk": 376
},
{
  "fields": {
    "position": 5,
    "rack": 377,
    "rr": 98
  },
  "model": "hwdoc.rackposition",
  "pk": 377
},
{
  "fields": {
    "position": 2,
    "rack": 378,
    "rr": 100
  },
  "model": "hwdoc.rackposition",
  "pk": 378
},
{
  "fields": {
    "position": 2,
    "rack": 379,
    "rr": 86
  },
  "model": "hwdoc.rackposition",
  "pk": 379
},
{
  "fields": {
    "position": 1,
    "rack": 380,
    "rr": 92
  },
  "model": "hwdoc.rackposition",
  "pk": 380
},
{
  "fields": {
    "position": 6,
    "rack": 381,
    "rr": 92
  },
  "model": "hwdoc.rackposition",
  "pk": 381
},
{
  "fields": {
    "position": 4,
    "rack": 382,
    "rr": 94
  },
  "model": "hwdoc.rackposition",
  "pk": 382
},
{
  "fields": {
    "position": 6,
    "rack": 383,
    "rr": 98
  },
  "model": "hwdoc.rackposition",
  "pk": 383
},
{
  "fields": {
    "position": 6,
    "rack": 384,
    "rr": 91
  },
  "model": "hwdoc.rackposition",
  "pk": 384
},
{
  "fields": {
    "position": 4,
    "rack": 385,
    "rr": 81
  },
  "model": "hwdoc.rackposition",
  "pk": 385
},
{
  "fields": {
    "position": 4,
    "rack": 386,
    "rr": 91
  },
  "model": "hwdoc.rackposition",
  "pk": 386
},
{
  "fields": {
    "position": 4,
    "rack": 387,
    "rr": 90
  },
  "model": "hwdoc.rackposition",
  "pk": 387
},
{
  "fields": {
    "position": 3,
    "rack": 388,
    "rr": 91
  },
  "model": "hwdoc.rackposition",
  "pk": 388
},
{
  "fields": {
    "position": 0,
    "rack": 389,
    "rr": 81
  },
  "model": "hwdoc.rackposition",
  "pk": 389
},
{
  "fields": {
    "position": 7,
    "rack": 390,
    "rr": 90
  },
  "model": "hwdoc.rackposition",
  "pk": 390
},
{
  "fields": {
    "position": 5,
    "rack": 391,
    "rr": 90
  },
  "model": "hwdoc.rackposition",
  "pk": 391
},
{
  "fields": {
    "position": 2,
    "rack": 392,
    "rr": 85
  },
  "model": "hwdoc.rackposition",
  "pk": 392
},
{
  "fields": {
    "position": 8,
    "rack": 393,
    "rr": 94
  },
  "model": "hwdoc.rackposition",
  "pk": 393
},
{
  "fields": {
    "position": 2,
    "rack": 394,
    "rr": 88
  },
  "model": "hwdoc.rackposition",
  "pk": 394
},
{
  "fields": {
    "position": 8,
    "rack": 395,
    "rr": 99
  },
  "model": "hwdoc.rackposition",
  "pk": 395
},
{
  "fields": {
    "position": 0,
    "rack": 396,
    "rr": 83
  },
  "model": "hwdoc.rackposition",
  "pk": 396
},
{
  "fields": {
    "position": 8,
    "rack": 397,
    "rr": 100
  },
  "model": "hwdoc.rackposition",
  "pk": 397
},
{
  "fields": {
    "position": 4,
    "rack": 398,
    "rr": 83
  },
  "model": "hwdoc.rackposition",
  "pk": 398
},
{
  "fields": {
    "position": 5,
    "rack": 399,
    "rr": 89
  },
  "model": "hwdoc.rackposition",
  "pk": 399
},
{
  "fields": {
    "position": 8,
    "rack": 400,
    "rr": 85
  },
  "model": "hwdoc.rackposition",
  "pk": 400
},
{
  "fields": {
    "u": 7,
    "vendor": 24,
    "name": "Poweredge R820"
  },
  "model": "hwdoc.equipmentmodel",
  "pk": 261
},
{
  "fields": {
    "u": 9,
    "vendor": 25,
    "name": "Proliant DL385 G5"
  },
  "model": "hwdoc.equipmentmodel",
  "pk": 262
},
{
  "fields": {
    "u": 5,
    "vendor": 25,
    "name": "Proliant DL380 G1"
  },
  "model": "hwdoc.equipmentmodel",
  "pk": 263
},
{
  "fields": {
    "u": 10,
    "vendor": 21,
    "name": "Random model 1"
  },
  "model": "hwdoc.equipmentmodel",
  "pk": 264
},
{
  "fields": {
    "u": 7,
    "vendor": 21,
    "name": "Random model 3"
  },
  "model": "hwdoc.equipmentmodel",
  "pk": 265
},
{
  "fields": {
    "u": 2,
    "vendor": 25,
    "name": "Proliant DL385 G3"
  },
  "model": "hwdoc.equipmentmodel",
  "pk": 266
},
{
  "fields": {
    "u": 6,
    "vendor": 24,
    "name": "PowerEdge 1950"
  },
  "model": "hwdoc.equipmentmodel",
  "pk": 267
},
{
  "fields": {
    "u": 8,
    "vendor": 25,
    "name": "Proliant DL380 G3"
  },
  "model": "hwdoc.equipmentmodel",
  "pk": 268
},
{
  "fields": {
    "u": 1,
    "vendor": 25,
    "name": "Proliant DL380 G5"
  },
  "model": "hwdoc.equipmentmodel",
  "pk": 269
},
{
  "fields": {
    "u": 1,
    "vendor": 23,
    "name": "System x3550"
  },
  "model": "hwdoc.equipmentmodel",
  "pk": 270
},
{
  "fields": {
    "u": 7,
    "vendor": 25,
    "name": "Proliant DL380 G2"
  },
  "model": "hwdoc.equipmentmodel",
  "pk": 271
},
{
  "fields": {
    "u": 7,
    "vendor": 21,
    "name": "Random model 4"
  },
  "model": "hwdoc.equipmentmodel",
  "pk": 272
},
{
  "fields": {
    "u": 10,
    "vendor": 25,
    "name": "Proliant DL385 G4"
  },
  "model": "hwdoc.equipmentmodel",
  "pk": 273
},
{
  "fields": {
    "u": 1,
    "vendor": 22,
    "name": "PRIMERGY RX200 S5"
  },
  "model": "hwdoc.equipmentmodel",
  "pk": 274
},
{
  "fields": {
    "u": 6,
    "vendor": 24,
    "name": "PowerEdge 2950"
  },
  "model": "hwdoc.equipmentmodel",
  "pk": 275
},
{
  "fields": {
    "u": 5,
    "vendor": 24,
    "name": "Poweredge R610"
  },
  "model": "hwdoc.equipmentmodel",
  "pk": 276
},
{
  "fields": {
    "u": 9,
    "vendor": 22,
    "name": "PRIMERGY RX200 S7"
  },
  "model": "hwdoc.equipmentmodel",
  "pk": 277
},
{
  "fields": {
    "u": 1,
    "vendor": 22,
    "name": "PRIMERGY RX200 S6"
  },
  "model": "hwdoc.equipmentmodel",
  "pk": 278
},
{
  "fields": {
    "u": 10,
    "vendor": 21,
    "name": "Random model 2"
  },
  "model": "hwdoc.equipmentmodel",
  "pk": 279
},
{
  "fields": {
    "u": 2,
    "vendor": 25,
    "name": "Proliant DL380 G4"
  },
  "model": "hwdoc.equipmentmodel",
  "pk": 280
},
{
  "fields": {
    "updated": "2016-01-07T08:30:30.705Z",
    "rack_front": true,
    "orientation": "Front",
    "storage": null,
    "comments": "",
    "rack": 394,
    "allocation": null,
    "added": "2016-01-07T08:30:30.705Z",
    "rack_back": true,
    "purpose": "",
    "rack_interior": true,
    "model": 272,
    "serial": "O3EHDPYL",
    "unit": 35
  },
  "model": "hwdoc.equipment",
  "pk": 801
},
{
  "fields": {
    "updated": "2016-01-07T08:30:30.705Z",
    "rack_front": true,
    "orientation": "Front",
    "storage": null,
    "comments": "",
    "rack": 326,
    "allocation": null,
    "added": "2016-01-07T08:30:30.705Z",
    "rack_back": true,
    "purpose": "",
    "rack_interior": true,
    "model": 264,
    "serial": "D6MKEC8",
    "unit": 11
  },
  "model": "hwdoc.equipment",
  "pk": 802
},
{
  "fields": {
    "updated": "2016-01-07T08:30:30.705Z",
    "rack_front": true,
    "orientation": "Front",
    "storage": null,
    "comments": "",
    "rack": 383,
    "allocation": 93,
    "added": "2016-01-07T08:30:30.705Z",
    "rack_back": true,
    "purpose": "",
    "rack_interior": true,
    "model": 274,
    "serial": "FDQAHDI0KGHG9",
    "unit": 30
  },
  "model": "hwdoc.equipment",
  "pk": 803
},
{
  "fields": {
    "updated": "2016-01-07T08:30:30.705Z",
    "rack_front": true,
    "orientation": "Front",
    "storage": null,
    "comments": "",
    "rack": 399,
    "allocation": 85,
    "added": "2016-01-07T08:30:30.705Z",
    "rack_back": true,
    "purpose": "",
    "rack_interior": true,
    "model": 270,
    "serial": "6DXZNK9D",
    "unit": 30
  },
  "model": "hwdoc.equipment",
  "pk": 804
},
{
  "fields": {
    "updated": "2016-01-07T08:30:30.705Z",
    "rack_front": true,
    "orientation": "Front",
    "storage": null,
    "comments": "",
    "rack": 324,
    "allocation": null,
    "added": "2016-01-07T08:30:30.705Z",
    "rack_back": true,
    "purpose": "",
    "rack_interior": true,
    "model": 261,
    "serial": "P5ZEVH",
    "unit": 11
  },
  "model": "hwdoc.equipment",
  "pk": 805
},
{
  "fields": {
    "updated": "2016-01-07T08:30:30.705Z",
    "rack_front": true,
    "orientation": "Front",
    "storage": null,
    "comments": "",
    "rack": 357,
    "allocation": null,
    "added": "2016-01-07T08:30:30.705Z",
    "rack_back": true,
    "purpose": "",
    "rack_interior": true,
    "model": 278,
    "serial": "Z4SW3B4995P",
    "unit": 30
  },
  "model": "hwdoc.equipment",
  "pk": 806
},
{
  "fields": {
    "updated": "2016-01-07T08:30:30.705Z",
    "rack_front": true,
    "orientation": "Front",
    "storage": null,
    "comments": "Test comment",
    "rack": 346,
    "allocation": 100,
    "added": "2016-01-07T08:30:30.705Z",
    "rack_back": true,
    "purpose": "",
    "rack_interior": true,
    "model": 267,
    "serial": "T401FCIY",
    "unit": 17
  },
  "model": "hwdoc.equipment",
  "pk": 807
},
{
  "fields": {
    "updated": "2016-01-07T08:30:30.705Z",
    "rack_front": true,
    "orientation": "Front",
    "storage": null,
    "comments": "",
    "rack": 399,
    "allocation": null,
    "added": "2016-01-07T08:30:30.705Z",
    "rack_back": true,
    "purpose": "",
    "rack_interior": true,
    "model": 278,
    "serial": "JKIVBOU3",
    "unit": 3
  },
  "model": "hwdoc.equipment",
  "pk": 808
},
{
  "fields": {
    "updated": "2016-01-07T08:30:30.705Z",
    "rack_front": true,
    "orientation": "Front",
    "storage": null,
    "comments": "",
    "rack": 361,
    "allocation": 84,
    "added": "2016-01-07T08:30:30.705Z",
    "rack_back": true,
    "purpose": "",
    "rack_interior": true,
    "model": 264,
    "serial": "WR4B7EXOKBJVAS",
    "unit": 8
  },
  "model": "hwdoc.equipment",
  "pk": 809
},
{
  "fields": {
    "updated": "2016-01-07T08:30:30.705Z",
    "rack_front": true,
    "orientation": "Front",
    "storage": null,
    "comments": "",
    "rack": 340,
    "allocation": null,
    "added": "2016-01-07T08:30:30.705Z",
    "rack_back": true,
    "purpose": "",
    "rack_interior": true,
    "model": 279,
    "serial": "10Z3DR",
    "unit": 12
  },
  "model": "hwdoc.equipment",
  "pk": 810
},
{
  "fields": {
    "updated": "2016-01-07T08:30:30.705Z",
    "rack_front": true,
    "orientation": "Front",
    "storage": null,
    "comments": "",
    "rack": 364,
    "allocation": null,
    "added": "2016-01-07T08:30:30.705Z",
    "rack_back": true,
    "purpose": "",
    "rack_interior": true,
    "model": 276,
    "serial": "4Y0ULG7HVA345E5",
    "unit": 19
  },
  "model": "hwdoc.equipment",
  "pk": 811
},
{
  "fields": {
    "updated": "2016-01-07T08:30:30.705Z",
    "rack_front": true,
    "orientation": "Front",
    "storage": null,
    "comments": "",
    "rack": 370,
    "allocation": null,
    "added": "2016-01-07T08:30:30.705Z",
    "rack_back": true,
    "purpose": "",
    "rack_interior": true,
    "model": 270,
    "serial": "LS2Z0EH",
    "unit": 6
  },
  "model": "hwdoc.equipment",
  "pk": 812
},
{
  "fields": {
    "updated": "2016-01-07T08:30:30.705Z",
    "rack_front": true,
    "orientation": "Front",
    "storage": null,
    "comments": "",
    "rack": 371,
    "allocation": 86,
    "added": "2016-01-07T08:30:30.705Z",
    "rack_back": true,
    "purpose": "",
    "rack_interior": true,
    "model": 280,
    "serial": "OB1HBE0PJWOY",
    "unit": 12
  },
  "model": "hwdoc.equipment",
  "pk": 813
},
{
  "fields": {
    "updated": "2016-01-07T08:30:30.705Z",
    "rack_front": true,
    "orientation": "Front",
    "storage": null,
    "comments": "",
    "rack": 365,
    "allocation": 97,
    "added": "2016-01-07T08:30:30.705Z",
    "rack_back": true,
    "purpose": "",
    "rack_interior": true,
    "model": 267,
    "serial": "CI9BXAJXNAZRBT",
    "unit": 32
  },
  "model": "hwdoc.equipment",
  "pk": 814
},
{
  "fields": {
    "updated": "2016-01-07T08:30:30.705Z",
    "rack_front": true,
    "orientation": "Front",
    "storage": null,
    "comments": "",
    "rack": 356,
    "allocation": 82,
    "added": "2016-01-07T08:30:30.705Z",
    "rack_back": true,
    "purpose": "",
    "rack_interior": true,
    "model": 274,
    "serial": "B9CZ2W",
    "unit": 11
  },
  "model": "hwdoc.equipment",
  "pk": 815
},
{
  "fields": {
    "updated": "2016-01-07T08:30:30.705Z",
    "rack_front": true,
    "orientation": "Front",
    "storage": null,
    "comments": "",
    "rack": 348,
    "allocation": null,
    "added": "2016-01-07T08:30:30.705Z",
    "rack_back": true,
    "purpose": "",
    "rack_interior": true,
    "model": 269,
    "serial": "7Z500968YS",
    "unit": 28
  },
  "model": "hwdoc.equipment",
  "pk": 816
},
{
  "fields": {
    "updated": "2016-01-07T08:30:30.705Z",
    "rack_front": true,
    "orientation": "Front",
    "storage": null,
    "comments": "",
    "rack": 390,
    "allocation": 94,
    "added": "2016-01-07T08:30:30.705Z",
    "rack_back": true,
    "purpose": "",
    "rack_interior": true,
    "model": 264,
    "serial": "XHDFGKDNBS",
    "unit": 5
  },
  "model": "hwdoc.equipment",
  "pk": 817
},
{
  "fields": {
    "updated": "2016-01-07T08:30:30.705Z",
    "rack_front": true,
    "orientation": "Front",
    "storage": null,
    "comments": "",
    "rack": 366,
    "allocation": null,
    "added": "2016-01-07T08:30:30.705Z",
    "rack_back": true,
    "purpose": "",
    "rack_interior": true,
    "model": 270,
    "serial": "RWIVS8ANEN",
    "unit": 22
  },
  "model": "hwdoc.equipment",
  "pk": 818
},
{
  "fields": {
    "updated": "2016-01-07T08:30:30.705Z",
    "rack_front": true,
    "orientation": "Front",
    "storage": null,
    "comments": "",
    "rack": 336,
    "allocation": null,
    "added": "2016-01-07T08:30:30.705Z",
    "rack_back": true,
    "purpose": "",
    "rack_interior": true,
    "model": 279,
    "serial": "X794MXULVQ12",
    "unit": 4
  },
  "model": "hwdoc.equipment",
  "pk": 819
},
{
  "fields": {
    "updated": "2016-01-07T08:30:30.706Z",
    "rack_front": true,
    "orientation": "Front",
    "storage": null,
    "comments": "",
    "rack": 343,
    "allocation": null,
    "added": "2016-01-07T08:30:30.705Z",
    "rack_back": true,
    "purpose": "",
    "rack_interior": true,
    "model": 267,
    "serial": "YD1ACUDCV5RHT",
    "unit": 12
  },
  "model": "hwdoc.equipment",
  "pk": 820
},
{
  "fields": {
    "updated": "2016-01-07T08:30:30.706Z",
    "rack_front": true,
    "orientation": "Front",
    "storage": null,
    "comments": "",
    "rack": 371,
    "allocation": null,
    "added": "2016-01-07T08:30:30.706Z",
    "rack_back": true,
    "purpose": "",
    "rack_interior": true,
    "model": 277,
    "serial": "JHMZ4ZNE93SLVM",
    "unit": 11
  },
  "model": "hwdoc.equipment",
  "pk": 821
},
{
  "fields": {
    "updated": "2016-01-07T08:30:30.706Z",
    "rack_front": true,
    "orientation": "Front",
    "storage": null,
    "comments": "",
    "rack": 380,
    "allocation": 93,
    "added": "2016-01-07T08:30:30.706Z",
    "rack_back": true,
    "purpose": "",
    "rack_interior": true,
    "model": 277,
    "serial": "KJ4GB819",
    "unit": 38
  },
  "model": "hwdoc.equipment",
  "pk": 822
},
{
  "fields": {
    "updated": "2016-01-07T08:30:30.706Z",
    "rack_front": true,
    "orientation": "Front",
    "storage": null,
    "comments": "",
    "rack": 364,
    "allocation": 83,
    "added": "2016-01-07T08:30:30.706Z",
    "rack_back": true,
    "purpose": "",
    "rack_interior": true,
    "model": 267,
    "serial": "L87METF2RTYQD",
    "unit": 6
  },
  "model": "hwdoc.equipment",
  "pk": 823
},
{
  "fields": {
    "updated": "2016-01-07T08:30:30.706Z",
    "rack_front": true,
    "orientation": "Front",
    "storage": null,
    "comments": "",
    "rack": null,
    "allocation": null,
    "added": "2016-01-07T08:30:30.706Z",
    "rack_back": true,
    "purpose": "",
    "rack_interior": true,
    "model": 271,
    "serial": "3OT5OZYGR3QX2R",
    "unit": null
  },
  "model": "hwdoc.equipment",
  "pk": 824
},
{
  "fields": {
    "updated": "2016-01-07T08:30:30.706Z",
    "rack_front": true,
    "orientation": "Front",
    "storage": null,
    "comments": "",
    "rack": 345,
    "allocation": 82,
    "added": "2016-01-07T08:30:30.706Z",
    "rack_back": true,
    "purpose": "",
    "rack_interior": true,
    "model": 270,
    "serial": "179FP2SQ",
    "unit": 31
  },
  "model": "hwdoc.equipment",
  "pk": 825
},
{
  "fields": {
    "updated": "2016-01-07T08:30:30.706Z",
    "rack_front": true,
    "orientation": "Front",
    "storage": null,
    "comments": "",
    "rack": 350,
    "allocation": 95,
    "added": "2016-01-07T08:30:30.706Z",
    "rack_back": true,
    "purpose": "",
    "rack_interior": true,
    "model": 273,
    "serial": "3S1KPL6RE",
    "unit": 11
  },
  "model": "hwdoc.equipment",
  "pk": 826
},
{
  "fields": {
    "updated": "2016-01-07T08:30:30.706Z",
    "rack_front": true,
    "orientation": "Front",
    "storage": null,
    "comments": "",
    "rack": null,
    "allocation": 93,
    "added": "2016-01-07T08:30:30.706Z",
    "rack_back": true,
    "purpose": "",
    "rack_interior": true,
    "model": 277,
    "serial": "R4OS9T7NGW5Q1",
    "unit": null
  },
  "model": "hwdoc.equipment",
  "pk": 827
},
{
  "fields": {
    "updated": "2016-01-07T08:30:30.706Z",
    "rack_front": true,
    "orientation": "Front",
    "storage": null,
    "comments": "",
    "rack": 375,
    "allocation": null,
    "added": "2016-01-07T08:30:30.706Z",
    "rack_back": true,
    "purpose": "",
    "rack_interior": true,
    "model": 265,
    "serial": "JR7BPIC25QC5",
    "unit": 34
  },
  "model": "hwdoc.equipment",
  "pk": 828
},
{
  "fields": {
    "updated": "2016-01-07T08:30:30.706Z",
    "rack_front": true,
    "orientation": "Front",
    "storage": null,
    "comments": "",
    "rack": 337,
    "allocation": 95,
    "added": "2016-01-07T08:30:30.706Z",
    "rack_back": true,
    "purpose": "",
    "rack_interior": true,
    "model": 278,
    "serial": "0XMXHR1FW3DX52",
    "unit": 7
  },
  "model": "hwdoc.equipment",
  "pk": 829
},
{
  "fields": {
    "updated": "2016-01-07T08:30:30.706Z",
    "rack_front": true,
    "orientation": "Front",
    "storage": null,
    "comments": "",
    "rack": 339,
    "allocation": 94,
    "added": "2016-01-07T08:30:30.706Z",
    "rack_back": true,
    "purpose": "",
    "rack_interior": true,
    "model": 265,
    "serial": "KT1896EUSH3MU5",
    "unit": 9
  },
  "model": "hwdoc.equipment",
  "pk": 830
},
{
  "fields": {
    "updated": "2016-01-07T08:30:30.706Z",
    "rack_front": true,
    "orientation": "Front",
    "storage": null,
    "comments": "",
    "rack": 340,
    "allocation": null,
    "added": "2016-01-07T08:30:30.706Z",
    "rack_back": true,
    "purpose": "",
    "rack_interior": true,
    "model": 261,
    "serial": "DLTE2ZRTUGT1AP5",
    "unit": 14
  },
  "model": "hwdoc.equipment",
  "pk": 831
},
{
  "fields": {
    "updated": "2016-01-07T08:30:30.706Z",
    "rack_front": true,
    "orientation": "Front",
    "storage": null,
    "comments": "",
    "rack": 371,
    "allocation": 96,
    "added": "2016-01-07T08:30:30.706Z",
    "rack_back": true,
    "purpose": "",
    "rack_interior": true,
    "model": 274,
    "serial": "VQS7AV9LRDBPWC",
    "unit": 45
  },
  "model": "hwdoc.equipment",
  "pk": 832
},
{
  "fields": {
    "updated": "2016-01-07T08:30:30.706Z",
    "rack_front": true,
    "orientation": "Front",
    "storage": null,
    "comments": "",
    "rack": 394,
    "allocation": 96,
    "added": "2016-01-07T08:30:30.706Z",
    "rack_back": true,
    "purpose": "",
    "rack_interior": true,
    "model": 272,
    "serial": "LTX0EPB",
    "unit": 36
  },
  "model": "hwdoc.equipment",
  "pk": 833
},
{
  "fields": {
    "updated": "2016-01-07T08:30:30.706Z",
    "rack_front": true,
    "orientation": "Front",
    "storage": null,
    "comments": "",
    "rack": 345,
    "allocation": 97,
    "added": "2016-01-07T08:30:30.706Z",
    "rack_back": true,
    "purpose": "",
    "rack_interior": true,
    "model": 270,
    "serial": "FLEMXRWX6QZNO5M",
    "unit": 33
  },
  "model": "hwdoc.equipment",
  "pk": 834
},
{
  "fields": {
    "updated": "2016-01-07T08:30:30.706Z",
    "rack_front": true,
    "orientation": "Front",
    "storage": null,
    "comments": "",
    "rack": 353,
    "allocation": null,
    "added": "2016-01-07T08:30:30.706Z",
    "rack_back": true,
    "purpose": "",
    "rack_interior": true,
    "model": 270,
    "serial": "5S6FKJ",
    "unit": 15
  },
  "model": "hwdoc.equipment",
  "pk": 835
},
{
  "fields": {
    "updated": "2016-01-07T08:30:30.706Z",
    "rack_front": true,
    "orientation": "Front",
    "storage": null,
    "comments": "Test comment",
    "rack": 356,
    "allocation": 96,
    "added": "2016-01-07T08:30:30.706Z",
    "rack_back": true,
    "purpose": "",
    "rack_interior": true,
    "model": 275,
    "serial": "GZVUCC89ST",
    "unit": 6
  },
  "model": "hwdoc.equipment",
  "pk": 836
},
{
  "fields": {
    "updated": "2016-01-07T08:30:30.706Z",
    "rack_front": true,
    "orientation": "Front",
    "storage": null,
    "comments": "",
    "rack": 358,
    "allocation": null,
    "added": "2016-01-07T08:30:30.706Z",
    "rack_back": true,
    "purpose": "",
    "rack_interior": true,
    "model": 269,
    "serial": "BVO9U5AOICZ",
    "unit": 36
  },
  "model": "hwdoc.equipment",
  "pk": 837
},
{
  "fields": {
    "updated": "2016-01-07T08:30:30.706Z",
    "rack_front": true,
    "orientation": "Front",
    "storage": null,
    "comments": "",
    "rack": 356,
    "allocation": 94,
    "added": "2016-01-07T08:30:30.706Z",
    "rack_back": true,
    "purpose": "",
    "rack_interior": true,
    "model": 270,
    "serial": "84KRCALXI8",
    "unit": 10
  },
  "model": "hwdoc.equipment",
  "pk": 838
},
{
  "fields": {
    "updated": "2016-01-07T08:30:30.706Z",
    "rack_front": true,
    "orientation": "Front",
    "storage": null,
    "comments": "Test comment",
    "rack": 343,
    "allocation": null,
    "added": "2016-01-07T08:30:30.706Z",
    "rack_back": true,
    "purpose": "",
    "rack_interior": true,
    "model": 266,
    "serial": "F4XR9EGI8DQ0N",
    "unit": 10
  },
  "model": "hwdoc.equipment",
  "pk": 839
},
{
  "fields": {
    "updated": "2016-01-07T08:30:30.706Z",
    "rack_front": true,
    "orientation": "Front",
    "storage": null,
    "comments": "",
    "rack": 381,
    "allocation": 97,
    "added": "2016-01-07T08:30:30.706Z",
    "rack_back": true,
    "purpose": "",
    "rack_interior": true,
    "model": 270,
    "serial": "HFMD1S17QA",
    "unit": 5
  },
  "model": "hwdoc.equipment",
  "pk": 840
},
{
  "fields": {
    "updated": "2016-01-07T08:30:30.706Z",
    "rack_front": true,
    "orientation": "Front",
    "storage": null,
    "comments": "",
    "rack": 397,
    "allocation": null,
    "added": "2016-01-07T08:30:30.706Z",
    "rack_back": true,
    "purpose": "",
    "rack_interior": true,
    "model": 274,
    "serial": "XWNCK8Y",
    "unit": 23
  },
  "model": "hwdoc.equipment",
  "pk": 841
},
{
  "fields": {
    "updated": "2016-01-07T08:30:30.706Z",
    "rack_front": true,
    "orientation": "Front",
    "storage": null,
    "comments": "",
    "rack": 382,
    "allocation": 94,
    "added": "2016-01-07T08:30:30.706Z",
    "rack_back": true,
    "purpose": "",
    "rack_interior": true,
    "model": 274,
    "serial": "PK67ENWVET0",
    "unit": 33
  },
  "model": "hwdoc.equipment",
  "pk": 842
},
{
  "fields": {
    "updated": "2016-01-07T08:30:30.706Z",
    "rack_front": true,
    "orientation": "Front",
    "storage": null,
    "comments": "",
    "rack": 388,
    "allocation": 82,
    "added": "2016-01-07T08:30:30.706Z",
    "rack_back": true,
    "purpose": "",
    "rack_interior": true,
    "model": 274,
    "serial": "FHYY81P3976X7P5",
    "unit": 14
  },
  "model": "hwdoc.equipment",
  "pk": 843
},
{
  "fields": {
    "updated": "2016-01-07T08:30:30.707Z",
    "rack_front": true,
    "orientation": "Front",
    "storage": null,
    "comments": "",
    "rack": 381,
    "allocation": null,
    "added": "2016-01-07T08:30:30.707Z",
    "rack_back": true,
    "purpose": "",
    "rack_interior": true,
    "model": 272,
    "serial": "3U3L7YQ",
    "unit": 23
  },
  "model": "hwdoc.equipment",
  "pk": 844
},
{
  "fields": {
    "updated": "2016-01-07T08:30:30.707Z",
    "rack_front": true,
    "orientation": "Front",
    "storage": null,
    "comments": "",
    "rack": 366,
    "allocation": 83,
    "added": "2016-01-07T08:30:30.707Z",
    "rack_back": true,
    "purpose": "",
    "rack_interior": true,
    "model": 279,
    "serial": "UQC3JPSUEK6E",
    "unit": 21
  },
  "model": "hwdoc.equipment",
  "pk": 845
},
{
  "fields": {
    "updated": "2016-01-07T08:30:30.707Z",
    "rack_front": true,
    "orientation": "Front",
    "storage": null,
    "comments": "",
    "rack": 329,
    "allocation": 84,
    "added": "2016-01-07T08:30:30.707Z",
    "rack_back": true,
    "purpose": "",
    "rack_interior": true,
    "model": 270,
    "serial": "P9TIXTRBJQU",
    "unit": 29
  },
  "model": "hwdoc.equipment",
  "pk": 846
},
{
  "fields": {
    "updated": "2016-01-07T08:30:30.707Z",
    "rack_front": true,
    "orientation": "Front",
    "storage": null,
    "comments": "",
    "rack": 398,
    "allocation": 100,
    "added": "2016-01-07T08:30:30.707Z",
    "rack_back": true,
    "purpose": "",
    "rack_interior": true,
    "model": 270,
    "serial": "63OLIQ3G9HJIRJ",
    "unit": 7
  },
  "model": "hwdoc.equipment",
  "pk": 847
},
{
  "fields": {
    "updated": "2016-01-07T08:30:30.707Z",
    "rack_front": true,
    "orientation": "Front",
    "storage": null,
    "comments": "Test comment",
    "rack": 356,
    "allocation": 99,
    "added": "2016-01-07T08:30:30.707Z",
    "rack_back": true,
    "purpose": "",
    "rack_interior": true,
    "model": 270,
    "serial": "ULMAAC7C1WK",
    "unit": 42
  },
  "model": "hwdoc.equipment",
  "pk": 848
},
{
  "fields": {
    "updated": "2016-01-07T08:30:30.707Z",
    "rack_front": true,
    "orientation": "Front",
    "storage": null,
    "comments": "",
    "rack": 381,
    "allocation": null,
    "added": "2016-01-07T08:30:30.707Z",
    "rack_back": true,
    "purpose": "",
    "rack_interior": true,
    "model": 270,
    "serial": "18A3FK4HTY6",
    "unit": 34
  },
  "model": "hwdoc.equipment",
  "pk": 849
},
{
  "fields": {
    "updated": "2016-01-07T08:30:30.707Z",
    "rack_front": true,
    "orientation": "Front",
    "storage": null,
    "comments": "",
    "rack": 362,
    "allocation": null,
    "added": "2016-01-07T08:30:30.707Z",
    "rack_back": true,
    "purpose": "",
    "rack_interior": true,
    "model": 270,
    "serial": "K0J9J6176F1EYNU",
    "unit": 23
  },
  "model": "hwdoc.equipment",
  "pk": 850
},
{
  "fields": {
    "updated": "2016-01-07T08:30:30.707Z",
    "rack_front": true,
    "orientation": "Front",
    "storage": null,
    "comments": "Test comment",
    "rack": 370,
    "allocation": 94,
    "added": "2016-01-07T08:30:30.707Z",
    "rack_back": true,
    "purpose": "",
    "rack_interior": true,
    "model": 278,
    "serial": "3NTWWJJ4",
    "unit": 25
  },
  "model": "hwdoc.equipment",
  "pk": 851
},
{
  "fields": {
    "updated": "2016-01-07T08:30:30.707Z",
    "rack_front": true,
    "orientation": "Front",
    "storage": null,
    "comments": "",
    "rack": 375,
    "allocation": null,
    "added": "2016-01-07T08:30:30.707Z",
    "rack_back": true,
    "purpose": "",
    "rack_interior": true,
    "model": 265,
    "serial": "ELTOXDCN",
    "unit": 33
  },
  "model": "hwdoc.equipment",
  "pk": 852
},
{
  "fields": {
    "updated": "2016-01-07T08:30:30.707Z",
    "rack_front": true,
    "orientation": "Front",
    "storage": null,
    "comments": "",
    "rack": null,
    "allocation": 89,
    "added": "2016-01-07T08:30:30.707Z",
    "rack_back": true,
    "purpose": "",
    "rack_interior": true,
    "model": 276,
    "serial": "SYR8203FD",
    "unit": null
  },
  "model": "hwdoc.equipment",
  "pk": 853
},
{
  "fields": {
    "updated": "2016-01-07T08:30:30.707Z",
    "rack_front": true,
    "orientation": "Front",
    "storage": null,
    "comments": "",
    "rack": 381,
    "allocation": null,
    "added": "2016-01-07T08:30:30.707Z",
    "rack_back": true,
    "purpose": "",
    "rack_interior": true,
    "model": 266,
    "serial": "VU2GKFY0",
    "unit": 44
  },
  "model": "hwdoc.equipment",
  "pk": 854
},
{
  "fields": {
    "updated": "2016-01-07T08:30:30.707Z",
    "rack_front": true,
    "orientation": "Front",
    "storage": null,
    "comments": "Test comment",
    "rack": 382,
    "allocation": 86,
    "added": "2016-01-07T08:30:30.707Z",
    "rack_back": true,
    "purpose": "",
    "rack_interior": true,
    "model": 279,
    "serial": "MVR99P",
    "unit": 17
  },
  "model": "hwdoc.equipment",
  "pk": 855
},
{
  "fields": {
    "updated": "2016-01-07T08:30:30.707Z",
    "rack_front": true,
    "orientation": "Front",
    "storage": null,
    "comments": "",
    "rack": 399,
    "allocation": 100,
    "added": "2016-01-07T08:30:30.707Z",
    "rack_back": true,
    "purpose": "",
    "rack_interior": true,
    "model": 279,
    "serial": "0WFJR7",
    "unit": 14
  },
  "model": "hwdoc.equipment",
  "pk": 856
},
{
  "fields": {
    "updated": "2016-01-07T08:30:30.707Z",
    "rack_front": true,
    "orientation": "Front",
    "storage": null,
    "comments": "",
    "rack": 356,
    "allocation": 92,
    "added": "2016-01-07T08:30:30.707Z",
    "rack_back": true,
    "purpose": "",
    "rack_interior": true,
    "model": 276,
    "serial": "ABY92ZX5M2O",
    "unit": 3
  },
  "model": "hwdoc.equipment",
  "pk": 857
},
{
  "fields": {
    "updated": "2016-01-07T08:30:30.707Z",
    "rack_front": true,
    "orientation": "Front",
    "storage": null,
    "comments": "",
    "rack": 392,
    "allocation": 87,
    "added": "2016-01-07T08:30:30.707Z",
    "rack_back": true,
    "purpose": "",
    "rack_interior": true,
    "model": 279,
    "serial": "CDNCV6NUD7RM",
    "unit": 27
  },
  "model": "hwdoc.equipment",
  "pk": 858
},
{
  "fields": {
    "updated": "2016-01-07T08:30:30.707Z",
    "rack_front": true,
    "orientation": "Front",
    "storage": null,
    "comments": "",
    "rack": 394,
    "allocation": 94,
    "added": "2016-01-07T08:30:30.707Z",
    "rack_back": true,
    "purpose": "",
    "rack_interior": true,
    "model": 277,
    "serial": "TM1RKC",
    "unit": 3
  },
  "model": "hwdoc.equipment",
  "pk": 859
},
{
  "fields": {
    "updated": "2016-01-07T08:30:30.707Z",
    "rack_front": true,
    "orientation": "Front",
    "storage": null,
    "comments": "",
    "rack": null,
    "allocation": 85,
    "added": "2016-01-07T08:30:30.707Z",
    "rack_back": true,
    "purpose": "",
    "rack_interior": true,
    "model": 275,
    "serial": "XE1DDOW",
    "unit": null
  },
  "model": "hwdoc.equipment",
  "pk": 860
},
{
  "fields": {
    "updated": "2016-01-07T08:30:30.707Z",
    "rack_front": true,
    "orientation": "Front",
    "storage": null,
    "comments": "Test comment",
    "rack": null,
    "allocation": null,
    "added": "2016-01-07T08:30:30.707Z",
    "rack_back": true,
    "purpose": "",
    "rack_interior": true,
    "model": 277,
    "serial": "ZZWI63",
    "unit": null
  },
  "model": "hwdoc.equipment",
  "pk": 861
},
{
  "fields": {
    "updated": "2016-01-07T08:30:30.707Z",
    "rack_front": true,
    "orientation": "Front",
    "storage": null,
    "comments": "",
    "rack": 343,
    "allocation": null,
    "added": "2016-01-07T08:30:30.707Z",
    "rack_back": true,
    "purpose": "",
    "rack_interior": true,
    "model": 267,
    "serial": "5C0JQ0G",
    "unit": 22
  },
  "model": "hwdoc.equipment",
  "pk": 862
},
{
  "fields": {
    "updated": "2016-01-07T08:30:30.707Z",
    "rack_front": true,
    "orientation": "Front",
    "storage": null,
    "comments": "",
    "rack": 331,
    "allocation": 89,
    "added": "2016-01-07T08:30:30.707Z",
    "rack_back": true,
    "purpose": "",
    "rack_interior": true,
    "model": 271,
    "serial": "DU5QJT5A38EJJ6R",
    "unit": 3
  },
  "model": "hwdoc.equipment",
  "pk": 863
},
{
  "fields": {
    "updated": "2016-01-07T08:30:30.707Z",
    "rack_front": true,
    "orientation": "Front",
    "storage": null,
    "comments": "",
    "rack": 325,
    "allocation": 96,
    "added": "2016-01-07T08:30:30.707Z",
    "rack_back": true,
    "purpose": "",
    "rack_interior": true,
    "model": 266,
    "serial": "60JSXI",
    "unit": 12
  },
  "model": "hwdoc.equipment",
  "pk": 864
},
{
  "fields": {
    "updated": "2016-01-07T08:30:30.707Z",
    "rack_front": true,
    "orientation": "Front",
    "storage": null,
    "comments": "",
    "rack": 399,
    "allocation": 94,
    "added": "2016-01-07T08:30:30.707Z",
    "rack_back": true,
    "purpose": "",
    "rack_interior": true,
    "model": 261,
    "serial": "Q78ZSM1",
    "unit": 25
  },
  "model": "hwdoc.equipment",
  "pk": 865
},
{
  "fields": {
    "updated": "2016-01-07T08:30:30.707Z",
    "rack_front": true,
    "orientation": "Front",
    "storage": null,
    "comments": "",
    "rack": 343,
    "allocation": 99,
    "added": "2016-01-07T08:30:30.707Z",
    "rack_back": true,
    "purpose": "",
    "rack_interior": true,
    "model": 270,
    "serial": "0QXK9M",
    "unit": 29
  },
  "model": "hwdoc.equipment",
  "pk": 866
},
{
  "fields": {
    "updated": "2016-01-07T08:30:30.707Z",
    "rack_front": true,
    "orientation": "Front",
    "storage": null,
    "comments": "",
    "rack": 394,
    "allocation": 99,
    "added": "2016-01-07T08:30:30.707Z",
    "rack_back": true,
    "purpose": "",
    "rack_interior": true,
    "model": 280,
    "serial": "F9EM8I8RYFXWM",
    "unit": 3
  },
  "model": "hwdoc.equipment",
  "pk": 867
},
{
  "fields": {
    "updated": "2016-01-07T08:30:30.708Z",
    "rack_front": true,
    "orientation": "Front",
    "storage": null,
    "comments": "",
    "rack": 393,
    "allocation": 94,
    "added": "2016-01-07T08:30:30.708Z",
    "rack_back": true,
    "purpose": "",
    "rack_interior": true,
    "model": 262,
    "serial": "2NXDE3",
    "unit": 4
  },
  "model": "hwdoc.equipment",
  "pk": 868
},
{
  "fields": {
    "updated": "2016-01-07T08:30:30.708Z",
    "rack_front": true,
    "orientation": "Front",
    "storage": null,
    "comments": "",
    "rack": 361,
    "allocation": null,
    "added": "2016-01-07T08:30:30.708Z",
    "rack_back": true,
    "purpose": "",
    "rack_interior": true,
    "model": 278,
    "serial": "EVSARZ58LD",
    "unit": 25
  },
  "model": "hwdoc.equipment",
  "pk": 869
},
{
  "fields": {
    "updated": "2016-01-07T08:30:30.708Z",
    "rack_front": true,
    "orientation": "Front",
    "storage": null,
    "comments": "Test comment",
    "rack": 379,
    "allocation": 88,
    "added": "2016-01-07T08:30:30.708Z",
    "rack_back": true,
    "purpose": "",
    "rack_interior": true,
    "model": 263,
    "serial": "CKXY6YJPBGQRA",
    "unit": 9
  },
  "model": "hwdoc.equipment",
  "pk": 870
},
{
  "fields": {
    "updated": "2016-01-07T08:30:30.708Z",
    "rack_front": true,
    "orientation": "Front",
    "storage": null,
    "comments": "",
    "rack": 345,
    "allocation": 87,
    "added": "2016-01-07T08:30:30.708Z",
    "rack_back": true,
    "purpose": "",
    "rack_interior": true,
    "model": 270,
    "serial": "KMGJUUL3PPK",
    "unit": 50
  },
  "model": "hwdoc.equipment",
  "pk": 871
},
{
  "fields": {
    "updated": "2016-01-07T08:30:30.711Z",
    "rack_front": true,
    "orientation": "Front",
    "storage": null,
    "comments": "",
    "rack": 375,
    "allocation": null,
    "added": "2016-01-07T08:30:30.711Z",
    "rack_back": true,
    "purpose": "",
    "rack_interior": true,
    "model": 275,
    "serial": "SMIG5X4B35W",
    "unit": 32
  },
  "model": "hwdoc.equipment",
  "pk": 872
},
{
  "fields": {
    "updated": "2016-01-07T08:30:30.711Z",
    "rack_front": true,
    "orientation": "Front",
    "storage": null,
    "comments": "",
    "rack": 398,
    "allocation": null,
    "added": "2016-01-07T08:30:30.711Z",
    "rack_back": true,
    "purpose": "",
    "rack_interior": true,
    "model": 277,
    "serial": "EA11BWS",
    "unit": 29
  },
  "model": "hwdoc.equipment",
  "pk": 873
},
{
  "fields": {
    "updated": "2016-01-07T08:30:30.711Z",
    "rack_front": true,
    "orientation": "Front",
    "storage": null,
    "comments": "",
    "rack": 324,
    "allocation": null,
    "added": "2016-01-07T08:30:30.711Z",
    "rack_back": true,
    "purpose": "",
    "rack_interior": true,
    "model": 276,
    "serial": "DSV1PH91KO635Z",
    "unit": 8
  },
  "model": "hwdoc.equipment",
  "pk": 874
},
{
  "fields": {
    "updated": "2016-01-07T08:30:30.711Z",
    "rack_front": true,
    "orientation": "Front",
    "storage": null,
    "comments": "",
    "rack": 373,
    "allocation": 84,
    "added": "2016-01-07T08:30:30.711Z",
    "rack_back": true,
    "purpose": "",
    "rack_interior": true,
    "model": 273,
    "serial": "AU93NSXN385WM",
    "unit": 37
  },
  "model": "hwdoc.equipment",
  "pk": 875
},
{
  "fields": {
    "updated": "2016-01-07T08:30:30.711Z",
    "rack_front": true,
    "orientation": "Front",
    "storage": null,
    "comments": "",
    "rack": 340,
    "allocation": 91,
    "added": "2016-01-07T08:30:30.711Z",
    "rack_back": true,
    "purpose": "",
    "rack_interior": true,
    "model": 270,
    "serial": "N91YYND2THC",
    "unit": 12
  },
  "model": "hwdoc.equipment",
  "pk": 876
},
{
  "fields": {
    "updated": "2016-01-07T08:30:30.711Z",
    "rack_front": true,
    "orientation": "Front",
    "storage": null,
    "comments": "",
    "rack": 343,
    "allocation": 97,
    "added": "2016-01-07T08:30:30.711Z",
    "rack_back": true,
    "purpose": "",
    "rack_interior": true,
    "model": 276,
    "serial": "HQCL0AVOKCG",
    "unit": 21
  },
  "model": "hwdoc.equipment",
  "pk": 877
},
{
  "fields": {
    "updated": "2016-01-07T08:30:30.711Z",
    "rack_front": true,
    "orientation": "Front",
    "storage": null,
    "comments": "",
    "rack": 343,
    "allocation": 90,
    "added": "2016-01-07T08:30:30.711Z",
    "rack_back": true,
    "purpose": "",
    "rack_interior": true,
    "model": 279,
    "serial": "BD55V2Y0XFUA",
    "unit": 8
  },
  "model": "hwdoc.equipment",
  "pk": 878
},
{
  "fields": {
    "updated": "2016-01-07T08:30:30.711Z",
    "rack_front": true,
    "orientation": "Front",
    "storage": null,
    "comments": "",
    "rack": 336,
    "allocation": null,
    "added": "2016-01-07T08:30:30.711Z",
    "rack_back": true,
    "purpose": "",
    "rack_interior": true,
    "model": 275,
    "serial": "ZCTW26K",
    "unit": 37
  },
  "model": "hwdoc.equipment",
  "pk": 879
},
{
  "fields": {
    "updated": "2016-01-07T08:30:30.711Z",
    "rack_front": true,
    "orientation": "Front",
    "storage": null,
    "comments": "",
    "rack": 359,
    "allocation": 98,
    "added": "2016-01-07T08:30:30.711Z",
    "rack_back": true,
    "purpose": "",
    "rack_interior": true,
    "model": 278,
    "serial": "IM3ZZ1OPXQMP",
    "unit": 21
  },
  "model": "hwdoc.equipment",
  "pk": 880
},
{
  "fields": {
    "updated": "2016-01-07T08:30:30.711Z",
    "rack_front": true,
    "orientation": "Front",
    "storage": null,
    "comments": "",
    "rack": 364,
    "allocation": 97,
    "added": "2016-01-07T08:30:30.711Z",
    "rack_back": true,
    "purpose": "",
    "rack_interior": true,
    "model": 280,
    "serial": "AKRE8M9F",
    "unit": 33
  },
  "model": "hwdoc.equipment",
  "pk": 881
},
{
  "fields": {
    "updated": "2016-01-07T08:30:30.711Z",
    "rack_front": true,
    "orientation": "Front",
    "storage": null,
    "comments": "",
    "rack": 343,
    "allocation": 93,
    "added": "2016-01-07T08:30:30.711Z",
    "rack_back": true,
    "purpose": "",
    "rack_interior": true,
    "model": 276,
    "serial": "79IP286FZZ",
    "unit": 1
  },
  "model": "hwdoc.equipment",
  "pk": 882
},
{
  "fields": {
    "updated": "2016-01-07T08:30:30.711Z",
    "rack_front": true,
    "orientation": "Front",
    "storage": null,
    "comments": "",
    "rack": 359,
    "allocation": 85,
    "added": "2016-01-07T08:30:30.711Z",
    "rack_back": true,
    "purpose": "",
    "rack_interior": true,
    "model": 275,
    "serial": "DWJF48KWXD",
    "unit": 35
  },
  "model": "hwdoc.equipment",
  "pk": 883
},
{
  "fields": {
    "updated": "2016-01-07T08:30:30.711Z",
    "rack_front": true,
    "orientation": "Front",
    "storage": null,
    "comments": "",
    "rack": 350,
    "allocation": null,
    "added": "2016-01-07T08:30:30.711Z",
    "rack_back": true,
    "purpose": "",
    "rack_interior": true,
    "model": 270,
    "serial": "7E25Z5SHDO",
    "unit": 18
  },
  "model": "hwdoc.equipment",
  "pk": 884
},
{
  "fields": {
    "updated": "2016-01-07T08:30:30.711Z",
    "rack_front": true,
    "orientation": "Front",
    "storage": null,
    "comments": "",
    "rack": 359,
    "allocation": null,
    "added": "2016-01-07T08:30:30.711Z",
    "rack_back": true,
    "purpose": "",
    "rack_interior": true,
    "model": 275,
    "serial": "O4DY90DL7WMRGIA",
    "unit": 28
  },
  "model": "hwdoc.equipment",
  "pk": 885
},
{
  "fields": {
    "updated": "2016-01-07T08:30:30.711Z",
    "rack_front": true,
    "orientation": "Front",
    "storage": null,
    "comments": "",
    "rack": null,
    "allocation": 82,
    "added": "2016-01-07T08:30:30.711Z",
    "rack_back": true,
    "purpose": "",
    "rack_interior": true,
    "model": 277,
    "serial": "IVYB9XW2BKGDXJT",
    "unit": null
  },
  "model": "hwdoc.equipment",
  "pk": 886
},
{
  "fields": {
    "updated": "2016-01-07T08:30:30.712Z",
    "rack_front": true,
    "orientation": "Front",
    "storage": null,
    "comments": "",
    "rack": 348,
    "allocation": 100,
    "added": "2016-01-07T08:30:30.712Z",
    "rack_back": true,
    "purpose": "",
    "rack_interior": true,
    "model": 270,
    "serial": "D0XZRKJT9AQ",
    "unit": 27
  },
  "model": "hwdoc.equipment",
  "pk": 887
},
{
  "fields": {
    "updated": "2016-01-07T08:30:30.712Z",
    "rack_front": true,
    "orientation": "Front",
    "storage": null,
    "comments": "",
    "rack": 353,
    "allocation": null,
    "added": "2016-01-07T08:30:30.712Z",
    "rack_back": true,
    "purpose": "",
    "rack_interior": true,
    "model": 265,
    "serial": "4A1RDCPN8JEGW",
    "unit": 21
  },
  "model": "hwdoc.equipment",
  "pk": 888
},
{
  "fields": {
    "updated": "2016-01-07T08:30:30.712Z",
    "rack_front": true,
    "orientation": "Front",
    "storage": null,
    "comments": "",
    "rack": 368,
    "allocation": null,
    "added": "2016-01-07T08:30:30.712Z",
    "rack_back": true,
    "purpose": "",
    "rack_interior": true,
    "model": 280,
    "serial": "B58LFDPW",
    "unit": 33
  },
  "model": "hwdoc.equipment",
  "pk": 889
},
{
  "fields": {
    "updated": "2016-01-07T08:30:30.712Z",
    "rack_front": true,
    "orientation": "Front",
    "storage": null,
    "comments": "",
    "rack": 383,
    "allocation": null,
    "added": "2016-01-07T08:30:30.712Z",
    "rack_back": true,
    "purpose": "",
    "rack_interior": true,
    "model": 279,
    "serial": "G34G9XG8M",
    "unit": 23
  },
  "model": "hwdoc.equipment",
  "pk": 890
},
{
  "fields": {
    "updated": "2016-01-07T08:30:30.712Z",
    "rack_front": true,
    "orientation": "Front",
    "storage": null,
    "comments": "",
    "rack": 326,
    "allocation": null,
    "added": "2016-01-07T08:30:30.712Z",
    "rack_back": true,
    "purpose": "",
    "rack_interior": true,
    "model": 279,
    "serial": "BQNMI0S",
    "unit": 39
  },
  "model": "hwdoc.equipment",
  "pk": 891
},
{
  "fields": {
    "updated": "2016-01-07T08:30:30.712Z",
    "rack_front": true,
    "orientation": "Front",
    "storage": null,
    "comments": "",
    "rack": null,
    "allocation": 96,
    "added": "2016-01-07T08:30:30.712Z",
    "rack_back": true,
    "purpose": "",
    "rack_interior": true,
    "model": 264,
    "serial": "01OXCD0CL",
    "unit": null
  },
  "model": "hwdoc.equipment",
  "pk": 892
},
{
  "fields": {
    "updated": "2016-01-07T08:30:30.712Z",
    "rack_front": true,
    "orientation": "Front",
    "storage": null,
    "comments": "",
    "rack": 394,
    "allocation": null,
    "added": "2016-01-07T08:30:30.712Z",
    "rack_back": true,
    "purpose": "",
    "rack_interior": true,
    "model": 276,
    "serial": "1FXKCBZFOS8LSJ4",
    "unit": 30
  },
  "model": "hwdoc.equipment",
  "pk": 893
},
{
  "fields": {
    "updated": "2016-01-07T08:30:30.712Z",
    "rack_front": true,
    "orientation": "Front",
    "storage": null,
    "comments": "",
    "rack": 391,
    "allocation": null,
    "added": "2016-01-07T08:30:30.712Z",
    "rack_back": true,
    "purpose": "",
    "rack_interior": true,
    "model": 270,
    "serial": "EYXKHM75YJFOI",
    "unit": 11
  },
  "model": "hwdoc.equipment",
  "pk": 894
},
{
  "fields": {
    "updated": "2016-01-07T08:30:30.712Z",
    "rack_front": true,
    "orientation": "Front",
    "storage": null,
    "comments": "",
    "rack": 336,
    "allocation": 91,
    "added": "2016-01-07T08:30:30.712Z",
    "rack_back": true,
    "purpose": "",
    "rack_interior": true,
    "model": 270,
    "serial": "6WO81PZXK2WU96A",
    "unit": 25
  },
  "model": "hwdoc.equipment",
  "pk": 895
},
{
  "fields": {
    "updated": "2016-01-07T08:30:30.712Z",
    "rack_front": true,
    "orientation": "Front",
    "storage": null,
    "comments": "",
    "rack": 395,
    "allocation": 98,
    "added": "2016-01-07T08:30:30.712Z",
    "rack_back": true,
    "purpose": "",
    "rack_interior": true,
    "model": 280,
    "serial": "X7P3IJQHAWW",
    "unit": 36
  },
  "model": "hwdoc.equipment",
  "pk": 896
},
{
  "fields": {
    "updated": "2016-01-07T08:30:30.712Z",
    "rack_front": true,
    "orientation": "Front",
    "storage": null,
    "comments": "",
    "rack": 375,
    "allocation": null,
    "added": "2016-01-07T08:30:30.712Z",
    "rack_back": true,
    "purpose": "",
    "rack_interior": true,
    "model": 272,
    "serial": "URVF22OJXWY0",
    "unit": 18
  },
  "model": "hwdoc.equipment",
  "pk": 897
},
{
  "fields": {
    "updated": "2016-01-07T08:30:30.712Z",
    "rack_front": true,
    "orientation": "Front",
    "storage": null,
    "comments": "",
    "rack": 379,
    "allocation": 92,
    "added": "2016-01-07T08:30:30.712Z",
    "rack_back": true,
    "purpose": "",
    "rack_interior": true,
    "model": 276,
    "serial": "T2F0ZVCZJ6H",
    "unit": 21
  },
  "model": "hwdoc.equipment",
  "pk": 898
},
{
  "fields": {
    "updated": "2016-01-07T08:30:30.712Z",
    "rack_front": true,
    "orientation": "Front",
    "storage": null,
    "comments": "",
    "rack": 342,
    "allocation": null,
    "added": "2016-01-07T08:30:30.712Z",
    "rack_back": true,
    "purpose": "",
    "rack_interior": true,
    "model": 274,
    "serial": "ZATZVOTXZN",
    "unit": 2
  },
  "model": "hwdoc.equipment",
  "pk": 899
},
{
  "fields": {
    "updated": "2016-01-07T08:30:30.712Z",
    "rack_front": true,
    "orientation": "Front",
    "storage": null,
    "comments": "",
    "rack": 391,
    "allocation": 93,
    "added": "2016-01-07T08:30:30.712Z",
    "rack_back": true,
    "purpose": "",
    "rack_interior": true,
    "model": 263,
    "serial": "869YGFXK4FRALU",
    "unit": 30
  },
  "model": "hwdoc.equipment",
  "pk": 900
},
{
  "fields": {
    "updated": "2016-01-07T08:30:30.712Z",
    "rack_front": true,
    "orientation": "Front",
    "storage": null,
    "comments": "",
    "rack": null,
    "allocation": 97,
    "added": "2016-01-07T08:30:30.712Z",
    "rack_back": true,
    "purpose": "",
    "rack_interior": true,
    "model": 275,
    "serial": "V7T97ZT89",
    "unit": null
  },
  "model": "hwdoc.equipment",
  "pk": 901
},
{
  "fields": {
    "updated": "2016-01-07T08:30:30.712Z",
    "rack_front": true,
    "orientation": "Front",
    "storage": null,
    "comments": "",
    "rack": 400,
    "allocation": 82,
    "added": "2016-01-07T08:30:30.712Z",
    "rack_back": true,
    "purpose": "",
    "rack_interior": true,
    "model": 279,
    "serial": "ZSW6NDWR7",
    "unit": 14
  },
  "model": "hwdoc.equipment",
  "pk": 902
},
{
  "fields": {
    "updated": "2016-01-07T08:30:30.712Z",
    "rack_front": true,
    "orientation": "Front",
    "storage": null,
    "comments": "",
    "rack": 355,
    "allocation": null,
    "added": "2016-01-07T08:30:30.712Z",
    "rack_back": true,
    "purpose": "",
    "rack_interior": true,
    "model": 265,
    "serial": "J2PQLYP3B",
    "unit": 10
  },
  "model": "hwdoc.equipment",
  "pk": 903
},
{
  "fields": {
    "updated": "2016-01-07T08:30:30.712Z",
    "rack_front": true,
    "orientation": "Front",
    "storage": null,
    "comments": "",
    "rack": null,
    "allocation": 93,
    "added": "2016-01-07T08:30:30.712Z",
    "rack_back": true,
    "purpose": "",
    "rack_interior": true,
    "model": 261,
    "serial": "3MIZKE5BEXH2",
    "unit": null
  },
  "model": "hwdoc.equipment",
  "pk": 904
},
{
  "fields": {
    "updated": "2016-01-07T08:30:30.712Z",
    "rack_front": true,
    "orientation": "Front",
    "storage": null,
    "comments": "",
    "rack": 394,
    "allocation": 85,
    "added": "2016-01-07T08:30:30.712Z",
    "rack_back": true,
    "purpose": "",
    "rack_interior": true,
    "model": 275,
    "serial": "PN1VP6OIE7E",
    "unit": 26
  },
  "model": "hwdoc.equipment",
  "pk": 905
},
{
  "fields": {
    "updated": "2016-01-07T08:30:30.712Z",
    "rack_front": true,
    "orientation": "Front",
    "storage": null,
    "comments": "",
    "rack": null,
    "allocation": 84,
    "added": "2016-01-07T08:30:30.712Z",
    "rack_back": true,
    "purpose": "",
    "rack_interior": true,
    "model": 276,
    "serial": "KBAMU209",
    "unit": null
  },
  "model": "hwdoc.equipment",
  "pk": 906
},
{
  "fields": {
    "updated": "2016-01-07T08:30:30.712Z",
    "rack_front": true,
    "orientation": "Front",
    "storage": null,
    "comments": "",
    "rack": 400,
    "allocation": null,
    "added": "2016-01-07T08:30:30.712Z",
    "rack_back": true,
    "purpose": "",
    "rack_interior": true,
    "model": 265,
    "serial": "DAK2VVJITFXZH0N",
    "unit": 28
  },
  "model": "hwdoc.equipment",
  "pk": 907
},
{
  "fields": {
    "updated": "2016-01-07T08:30:30.712Z",
    "rack_front": true,
    "orientation": "Front",
    "storage": null,
    "comments": "",
    "rack": null,
    "allocation": 97,
    "added": "2016-01-07T08:30:30.712Z",
    "rack_back": true,
    "purpose": "",
    "rack_interior": true,
    "model": 261,
    "serial": "PWC2OQTC",
    "unit": null
  },
  "model": "hwdoc.equipment",
  "pk": 908
},
{
  "fields": {
    "updated": "2016-01-07T08:30:30.712Z",
    "rack_front": true,
    "orientation": "Front",
    "storage": null,
    "comments": "",
    "rack": 327,
    "allocation": 81,
    "added": "2016-01-07T08:30:30.712Z",
    "rack_back": true,
    "purpose": "",
    "rack_interior": true,
    "model": 264,
    "serial": "WKDDAJ6",
    "unit": 10
  },
  "model": "hwdoc.equipment",
  "pk": 909
},
{
  "fields": {
    "updated": "2016-01-07T08:30:30.712Z",
    "rack_front": true,
    "orientation": "Front",
    "storage": null,
    "comments": "Test comment",
    "rack": 379,
    "allocation": 88,
    "added": "2016-01-07T08:30:30.712Z",
    "rack_back": true,
    "purpose": "",
    "rack_interior": true,
    "model": 267,
    "serial": "F47SLV7",
    "unit": 5
  },
  "model": "hwdoc.equipment",
  "pk": 910
},
{
  "fields": {
    "updated": "2016-01-07T08:30:30.713Z",
    "rack_front": true,
    "orientation": "Front",
    "storage": null,
    "comments": "",
    "rack": null,
    "allocation": 98,
    "added": "2016-01-07T08:30:30.713Z",
    "rack_back": true,
    "purpose": "",
    "rack_interior": true,
    "model": 264,
    "serial": "ZGFCOM7CVBU3G",
    "unit": null
  },
  "model": "hwdoc.equipment",
  "pk": 911
},
{
  "fields": {
    "updated": "2016-01-07T08:30:30.713Z",
    "rack_front": true,
    "orientation": "Front",
    "storage": null,
    "comments": "",
    "rack": 362,
    "allocation": null,
    "added": "2016-01-07T08:30:30.713Z",
    "rack_back": true,
    "purpose": "",
    "rack_interior": true,
    "model": 265,
    "serial": "P7A4T8NZXR05",
    "unit": 30
  },
  "model": "hwdoc.equipment",
  "pk": 912
},
{
  "fields": {
    "updated": "2016-01-07T08:30:30.713Z",
    "rack_front": true,
    "orientation": "Front",
    "storage": null,
    "comments": "",
    "rack": 375,
    "allocation": 98,
    "added": "2016-01-07T08:30:30.713Z",
    "rack_back": true,
    "purpose": "",
    "rack_interior": true,
    "model": 275,
    "serial": "II382AKJY",
    "unit": 17
  },
  "model": "hwdoc.equipment",
  "pk": 913
},
{
  "fields": {
    "updated": "2016-01-07T08:30:30.713Z",
    "rack_front": true,
    "orientation": "Front",
    "storage": null,
    "comments": "",
    "rack": 388,
    "allocation": 98,
    "added": "2016-01-07T08:30:30.713Z",
    "rack_back": true,
    "purpose": "",
    "rack_interior": true,
    "model": 274,
    "serial": "2SC95KKZCE54LB",
    "unit": 50
  },
  "model": "hwdoc.equipment",
  "pk": 914
},
{
  "fields": {
    "updated": "2016-01-07T08:30:30.713Z",
    "rack_front": true,
    "orientation": "Front",
    "storage": null,
    "comments": "",
    "rack": 346,
    "allocation": 97,
    "added": "2016-01-07T08:30:30.713Z",
    "rack_back": true,
    "purpose": "",
    "rack_interior": true,
    "model": 279,
    "serial": "LYT5WW4U8VJ9T6",
    "unit": 21
  },
  "model": "hwdoc.equipment",
  "pk": 915
},
{
  "fields": {
    "updated": "2016-01-07T08:30:30.713Z",
    "rack_front": true,
    "orientation": "Front",
    "storage": null,
    "comments": "",
    "rack": 369,
    "allocation": 94,
    "added": "2016-01-07T08:30:30.713Z",
    "rack_back": true,
    "purpose": "",
    "rack_interior": true,
    "model": 270,
    "serial": "O363EGE5",
    "unit": 12
  },
  "model": "hwdoc.equipment",
  "pk": 916
},
{
  "fields": {
    "updated": "2016-01-07T08:30:30.713Z",
    "rack_front": true,
    "orientation": "Front",
    "storage": null,
    "comments": "",
    "rack": 369,
    "allocation": 94,
    "added": "2016-01-07T08:30:30.713Z",
    "rack_back": true,
    "purpose": "",
    "rack_interior": true,
    "model": 266,
    "serial": "RV86S82ZUUUWL",
    "unit": 13
  },
  "model": "hwdoc.equipment",
  "pk": 917
},
{
  "fields": {
    "updated": "2016-01-07T08:30:30.713Z",
    "rack_front": true,
    "orientation": "Front",
    "storage": null,
    "comments": "",
    "rack": 337,
    "allocation": null,
    "added": "2016-01-07T08:30:30.713Z",
    "rack_back": true,
    "purpose": "",
    "rack_interior": true,
    "model": 275,
    "serial": "7SPBQ8ACP3VKUVE",
    "unit": 6
  },
  "model": "hwdoc.equipment",
  "pk": 918
},
{
  "fields": {
    "updated": "2016-01-07T08:30:30.713Z",
    "rack_front": true,
    "orientation": "Front",
    "storage": null,
    "comments": "",
    "rack": 346,
    "allocation": null,
    "added": "2016-01-07T08:30:30.713Z",
    "rack_back": true,
    "purpose": "",
    "rack_interior": true,
    "model": 280,
    "serial": "XUYFZ7PSKUSXW64",
    "unit": 16
  },
  "model": "hwdoc.equipment",
  "pk": 919
},
{
  "fields": {
    "updated": "2016-01-07T08:30:30.713Z",
    "rack_front": true,
    "orientation": "Front",
    "storage": null,
    "comments": "Test comment",
    "rack": 369,
    "allocation": null,
    "added": "2016-01-07T08:30:30.713Z",
    "rack_back": true,
    "purpose": "",
    "rack_interior": true,
    "model": 272,
    "serial": "O66D898UAU",
    "unit": 6
  },
  "model": "hwdoc.equipment",
  "pk": 920
},
{
  "fields": {
    "updated": "2016-01-07T08:30:30.713Z",
    "rack_front": true,
    "orientation": "Front",
    "storage": null,
    "comments": "",
    "rack": 372,
    "allocation": 83,
    "added": "2016-01-07T08:30:30.713Z",
    "rack_back": true,
    "purpose": "",
    "rack_interior": true,
    "model": 268,
    "serial": "2E87X8",
    "unit": 20
  },
  "model": "hwdoc.equipment",
  "pk": 921
},
{
  "fields": {
    "updated": "2016-01-07T08:30:30.713Z",
    "rack_front": true,
    "orientation": "Front",
    "storage": null,
    "comments": "",
    "rack": 385,
    "allocation": null,
    "added": "2016-01-07T08:30:30.713Z",
    "rack_back": true,
    "purpose": "",
    "rack_interior": true,
    "model": 275,
    "serial": "5PQ7OO3P4W17C",
    "unit": 9
  },
  "model": "hwdoc.equipment",
  "pk": 922
},
{
  "fields": {
    "updated": "2016-01-07T08:30:30.713Z",
    "rack_front": true,
    "orientation": "Front",
    "storage": null,
    "comments": "",
    "rack": 358,
    "allocation": 88,
    "added": "2016-01-07T08:30:30.713Z",
    "rack_back": true,
    "purpose": "",
    "rack_interior": true,
    "model": 270,
    "serial": "1L4XHL0N4RG5",
    "unit": 44
  },
  "model": "hwdoc.equipment",
  "pk": 923
},
{
  "fields": {
    "updated": "2016-01-07T08:30:30.713Z",
    "rack_front": true,
    "orientation": "Front",
    "storage": null,
    "comments": "",
    "rack": 356,
    "allocation": null,
    "added": "2016-01-07T08:30:30.713Z",
    "rack_back": true,
    "purpose": "",
    "rack_interior": true,
    "model": 270,
    "serial": "6O22MC8GIX5",
    "unit": 21
  },
  "model": "hwdoc.equipment",
  "pk": 924
},
{
  "fields": {
    "updated": "2016-01-07T08:30:30.713Z",
    "rack_front": true,
    "orientation": "Front",
    "storage": null,
    "comments": "",
    "rack": 376,
    "allocation": 94,
    "added": "2016-01-07T08:30:30.713Z",
    "rack_back": true,
    "purpose": "",
    "rack_interior": true,
    "model": 270,
    "serial": "WAXI434EMVQY7TC",
    "unit": 34
  },
  "model": "hwdoc.equipment",
  "pk": 925
},
{
  "fields": {
    "updated": "2016-01-07T08:30:30.713Z",
    "rack_front": true,
    "orientation": "Front",
    "storage": null,
    "comments": "",
    "rack": 366,
    "allocation": 81,
    "added": "2016-01-07T08:30:30.713Z",
    "rack_back": true,
    "purpose": "",
    "rack_interior": true,
    "model": 263,
    "serial": "I5G32Q7YAIF",
    "unit": 35
  },
  "model": "hwdoc.equipment",
  "pk": 926
},
{
  "fields": {
    "updated": "2016-01-07T08:30:30.713Z",
    "rack_front": true,
    "orientation": "Front",
    "storage": null,
    "comments": "",
    "rack": 356,
    "allocation": null,
    "added": "2016-01-07T08:30:30.713Z",
    "rack_back": true,
    "purpose": "",
    "rack_interior": true,
    "model": 272,
    "serial": "R3KD5KWF00UM",
    "unit": 33
  },
  "model": "hwdoc.equipment",
  "pk": 927
},
{
  "fields": {
    "updated": "2016-01-07T08:30:30.713Z",
    "rack_front": true,
    "orientation": "Front",
    "storage": null,
    "comments": "",
    "rack": 331,
    "allocation": null,
    "added": "2016-01-07T08:30:30.713Z",
    "rack_back": true,
    "purpose": "",
    "rack_interior": true,
    "model": 261,
    "serial": "5WAVBI",
    "unit": 2
  },
  "model": "hwdoc.equipment",
  "pk": 928
},
{
  "fields": {
    "updated": "2016-01-07T08:30:30.713Z",
    "rack_front": true,
    "orientation": "Front",
    "storage": null,
    "comments": "",
    "rack": 339,
    "allocation": 83,
    "added": "2016-01-07T08:30:30.713Z",
    "rack_back": true,
    "purpose": "",
    "rack_interior": true,
    "model": 265,
    "serial": "5HJIIBLP15PG",
    "unit": 35
  },
  "model": "hwdoc.equipment",
  "pk": 929
},
{
  "fields": {
    "updated": "2016-01-07T08:30:30.713Z",
    "rack_front": true,
    "orientation": "Front",
    "storage": null,
    "comments": "Test comment",
    "rack": null,
    "allocation": 83,
    "added": "2016-01-07T08:30:30.713Z",
    "rack_back": true,
    "purpose": "",
    "rack_interior": true,
    "model": 268,
    "serial": "LKQ9Z83B2AUYM",
    "unit": null
  },
  "model": "hwdoc.equipment",
  "pk": 930
},
{
  "fields": {
    "updated": "2016-01-07T08:30:30.713Z",
    "rack_front": true,
    "orientation": "Front",
    "storage": null,
    "comments": "",
    "rack": 381,
    "allocation": 90,
    "added": "2016-01-07T08:30:30.713Z",
    "rack_back": true,
    "purpose": "",
    "rack_interior": true,
    "model": 280,
    "serial": "DOPMQ6BVZTJR",
    "unit": 9
  },
  "model": "hwdoc.equipment",
  "pk": 931
},
{
  "fields": {
    "updated": "2016-01-07T08:30:30.713Z",
    "rack_front": true,
    "orientation": "Front",
    "storage": null,
    "comments": "",
    "rack": null,
    "allocation": 90,
    "added": "2016-01-07T08:30:30.713Z",
    "rack_back": true,
    "purpose": "",
    "rack_interior": true,
    "model": 264,
    "serial": "RYOMP53C",
    "unit": null
  },
  "model": "hwdoc.equipment",
  "pk": 932
},
{
  "fields": {
    "updated": "2016-01-07T08:30:30.713Z",
    "rack_front": true,
    "orientation": "Front",
    "storage": null,
    "comments": "",
    "rack": 366,
    "allocation": 84,
    "added": "2016-01-07T08:30:30.713Z",
    "rack_back": true,
    "purpose": "",
    "rack_interior": true,
    "model": 278,
    "serial": "03HYTYWARK",
    "unit": 26
  },
  "model": "hwdoc.equipment",
  "pk": 933
},
{
  "fields": {
    "updated": "2016-01-07T08:30:30.714Z",
    "rack_front": true,
    "orientation": "Front",
    "storage": 34,
    "comments": "",
    "rack": null,
    "allocation": 87,
    "added": "2016-01-07T08:30:30.713Z",
    "rack_back": true,
    "purpose": "",
    "rack_interior": true,
    "model": 272,
    "serial": "BIFLN5",
    "unit": null
  },
  "model": "hwdoc.equipment",
  "pk": 934
},
{
  "fields": {
    "updated": "2016-01-07T08:30:30.714Z",
    "rack_front": true,
    "orientation": "Front",
    "storage": null,
    "comments": "",
    "rack": null,
    "allocation": 86,
    "added": "2016-01-07T08:30:30.714Z",
    "rack_back": true,
    "purpose": "",
    "rack_interior": true,
    "model": 277,
    "serial": "AQO6BS5",
    "unit": null
  },
  "model": "hwdoc.equipment",
  "pk": 935
},
{
  "fields": {
    "updated": "2016-01-07T08:30:30.714Z",
    "rack_front": true,
    "orientation": "Front",
    "storage": null,
    "comments": "",
    "rack": 329,
    "allocation": 89,
    "added": "2016-01-07T08:30:30.714Z",
    "rack_back": true,
    "purpose": "",
    "rack_interior": true,
    "model": 265,
    "serial": "00G4FQ7XL04L5T",
    "unit": 39
  },
  "model": "hwdoc.equipment",
  "pk": 936
},
{
  "fields": {
    "updated": "2016-01-07T08:30:30.714Z",
    "rack_front": true,
    "orientation": "Front",
    "storage": null,
    "comments": "",
    "rack": 337,
    "allocation": null,
    "added": "2016-01-07T08:30:30.714Z",
    "rack_back": true,
    "purpose": "",
    "rack_interior": true,
    "model": 264,
    "serial": "IEYT9F7",
    "unit": 9
  },
  "model": "hwdoc.equipment",
  "pk": 937
},
{
  "fields": {
    "updated": "2016-01-07T08:30:30.714Z",
    "rack_front": true,
    "orientation": "Front",
    "storage": null,
    "comments": "",
    "rack": 326,
    "allocation": null,
    "added": "2016-01-07T08:30:30.714Z",
    "rack_back": true,
    "purpose": "",
    "rack_interior": true,
    "model": 274,
    "serial": "I8IJ2WWQM7O5MOA",
    "unit": 31
  },
  "model": "hwdoc.equipment",
  "pk": 938
},
{
  "fields": {
    "updated": "2016-01-07T08:30:30.714Z",
    "rack_front": true,
    "orientation": "Front",
    "storage": null,
    "comments": "Test comment",
    "rack": 360,
    "allocation": 85,
    "added": "2016-01-07T08:30:30.714Z",
    "rack_back": true,
    "purpose": "",
    "rack_interior": true,
    "model": 265,
    "serial": "VEWU4JIWQX",
    "unit": 38
  },
  "model": "hwdoc.equipment",
  "pk": 939
},
{
  "fields": {
    "updated": "2016-01-07T08:30:30.714Z",
    "rack_front": true,
    "orientation": "Front",
    "storage": null,
    "comments": "",
    "rack": 399,
    "allocation": 82,
    "added": "2016-01-07T08:30:30.714Z",
    "rack_back": true,
    "purpose": "",
    "rack_interior": true,
    "model": 274,
    "serial": "OCKLSSQ3V31CKS",
    "unit": 32
  },
  "model": "hwdoc.equipment",
  "pk": 940
},
{
  "fields": {
    "updated": "2016-01-07T08:30:30.714Z",
    "rack_front": true,
    "orientation": "Front",
    "storage": null,
    "comments": "",
    "rack": 374,
    "allocation": 95,
    "added": "2016-01-07T08:30:30.714Z",
    "rack_back": true,
    "purpose": "",
    "rack_interior": true,
    "model": 272,
    "serial": "771R5IZA5JV0P",
    "unit": 22
  },
  "model": "hwdoc.equipment",
  "pk": 941
},
{
  "fields": {
    "updated": "2016-01-07T08:30:30.714Z",
    "rack_front": true,
    "orientation": "Front",
    "storage": null,
    "comments": "",
    "rack": null,
    "allocation": null,
    "added": "2016-01-07T08:30:30.714Z",
    "rack_back": true,
    "purpose": "",
    "rack_interior": true,
    "model": 276,
    "serial": "5UJNHP",
    "unit": null
  },
  "model": "hwdoc.equipment",
  "pk": 942
},
{
  "fields": {
    "updated": "2016-01-07T08:30:30.716Z",
    "rack_front": true,
    "orientation": "Front",
    "storage": null,
    "comments": "",
    "rack": 343,
    "allocation": null,
    "added": "2016-01-07T08:30:30.716Z",
    "rack_back": true,
    "purpose": "",
    "rack_interior": true,
    "model": 264,
    "serial": "64JNZC0D4CE38I",
    "unit": 34
  },
  "model": "hwdoc.equipment",
  "pk": 943
},
{
  "fields": {
    "updated": "2016-01-07T08:30:30.716Z",
    "rack_front": true,
    "orientation": "Front",
    "storage": null,
    "comments": "",
    "rack": null,
    "allocation": 89,
    "added": "2016-01-07T08:30:30.716Z",
    "rack_back": true,
    "purpose": "",
    "rack_interior": true,
    "model": 276,
    "serial": "CWM9Y3AMKDRHTX",
    "unit": null
  },
  "model": "hwdoc.equipment",
  "pk": 944
},
{
  "fields": {
    "updated": "2016-01-07T08:30:30.716Z",
    "rack_front": true,
    "orientation": "Front",
    "storage": null,
    "comments": "",
    "rack": 388,
    "allocation": 85,
    "added": "2016-01-07T08:30:30.716Z",
    "rack_back": true,
    "purpose": "",
    "rack_interior": true,
    "model": 275,
    "serial": "7CC5UAL7",
    "unit": 34
  },
  "model": "hwdoc.equipment",
  "pk": 945
},
{
  "fields": {
    "updated": "2016-01-07T08:30:30.716Z",
    "rack_front": true,
    "orientation": "Front",
    "storage": null,
    "comments": "",
    "rack": 348,
    "allocation": 82,
    "added": "2016-01-07T08:30:30.716Z",
    "rack_back": true,
    "purpose": "",
    "rack_interior": true,
    "model": 278,
    "serial": "K4KU816R8T96PP3",
    "unit": 29
  },
  "model": "hwdoc.equipment",
  "pk": 946
},
{
  "fields": {
    "updated": "2016-01-07T08:30:30.716Z",
    "rack_front": true,
    "orientation": "Front",
    "storage": null,
    "comments": "",
    "rack": 366,
    "allocation": 92,
    "added": "2016-01-07T08:30:30.716Z",
    "rack_back": true,
    "purpose": "",
    "rack_interior": true,
    "model": 272,
    "serial": "3QOMSL",
    "unit": 22
  },
  "model": "hwdoc.equipment",
  "pk": 947
},
{
  "fields": {
    "updated": "2016-01-07T08:30:30.716Z",
    "rack_front": true,
    "orientation": "Front",
    "storage": null,
    "comments": "",
    "rack": null,
    "allocation": 89,
    "added": "2016-01-07T08:30:30.716Z",
    "rack_back": true,
    "purpose": "",
    "rack_interior": true,
    "model": 277,
    "serial": "MDXNL6UUHDKB9PZ",
    "unit": null
  },
  "model": "hwdoc.equipment",
  "pk": 948
},
{
  "fields": {
    "updated": "2016-01-07T08:30:30.716Z",
    "rack_front": true,
    "orientation": "Front",
    "storage": null,
    "comments": "",
    "rack": 383,
    "allocation": null,
    "added": "2016-01-07T08:30:30.716Z",
    "rack_back": true,
    "purpose": "",
    "rack_interior": true,
    "model": 278,
    "serial": "UWN3MXBKZ5G9",
    "unit": 35
  },
  "model": "hwdoc.equipment",
  "pk": 949
},
{
  "fields": {
    "updated": "2016-01-07T08:30:30.716Z",
    "rack_front": true,
    "orientation": "Front",
    "storage": 34,
    "comments": "",
    "rack": null,
    "allocation": null,
    "added": "2016-01-07T08:30:30.716Z",
    "rack_back": true,
    "purpose": "",
    "rack_interior": true,
    "model": 261,
    "serial": "GA3TDWO3M2GX",
    "unit": null
  },
  "model": "hwdoc.equipment",
  "pk": 950
},
{
  "fields": {
    "username": "",
    "updated": "2016-01-07T08:30:30.727Z",
    "added": "2016-01-07T08:30:30.727Z",
    "license": "",
    "raid_license": "",
    "hostname": "3v8ac5xr.example.com",
    "equipment": 923,
    "mac": "",
    "password": "",
    "method": "dummy"
  },
  "model": "hwdoc.servermanagement",
  "pk": 561
},
{
  "fields": {
    "username": "",
    "updated": "2016-01-07T08:30:30.727Z",
    "added": "2016-01-07T08:30:30.727Z",
    "license": "",
    "raid_license": "",
    "hostname": "40gi908c9rtu.example.com",
    "equipment": 945,
    "mac": "",
    "password": "",
    "method": "dummy"
  },
  "model": "hwdoc.servermanagement",
  "pk": 562
},
{
  "fields": {
    "username": "",
    "updated": "2016-01-07T08:30:30.727Z",
    "added": "2016-01-07T08:30:30.727Z",
    "license": "",
    "raid_license": "",
    "hostname": "d84niu554t8wd.example.com",
    "equipment": 916,
    "mac": "",
    "password": "",
    "method": "dummy"
  },
  "model": "hwdoc.servermanagement",
  "pk": 563
},
{
  "fields": {
    "username": "",
    "updated": "2016-01-07T08:30:30.727Z",
    "added": "2016-01-07T08:30:30.727Z",
    "license": "",
    "raid_license": "",
    "hostname": "eq6blwpdp26pbrjdm4k.example.com",
    "equipment": 907,
    "mac": "",
    "password": "",
    "method": "dummy"
  },
  "model": "hwdoc.servermanagement",
  "pk": 564
},
{
  "fields": {
    "username": "",
    "updated": "2016-01-07T08:30:30.727Z",
    "added": "2016-01-07T08:30:30.727Z",
    "license": "",
    "raid_license": "",
    "hostname": "tbope543t6bk18wi3mi.example.com",
    "equipment": 812,
    "mac": "",
    "password": "",
    "method": "dummy"
  },
  "model": "hwdoc.servermanagement",
  "pk": 565
},
{
  "fields": {
    "username": "",
    "updated": "2016-01-07T08:30:30.727Z",
    "added": "2016-01-07T08:30:30.727Z",
    "license": "",
    "raid_license": "",
    "hostname": "yrhzetnw.example.com",
    "equipment": 905,
    "mac": "",
    "password": "",
    "method": "dummy"
  },
  "model": "hwdoc.servermanagement",
  "pk": 566
},
{
  "fields": {
    "username": "",
    "updated": "2016-01-07T08:30:30.727Z",
    "added": "2016-01-07T08:30:30.727Z",
    "license": "",
    "raid_license": "",
    "hostname": "wvcr0qxo0.example.com",
    "equipment": 939,
    "mac": "",
    "password": "",
    "method": "dummy"
  },
  "model": "hwdoc.servermanagement",
  "pk": 567
},
{
  "fields": {
    "username": "",
    "updated": "2016-01-07T08:30:30.727Z",
    "added": "2016-01-07T08:30:30.727Z",
    "license": "",
    "raid_license": "",
    "hostname": "dhliw8d8z.example.com",
    "equipment": 921,
    "mac": "",
    "password": "",
    "method": "dummy"
  },
  "model": "hwdoc.servermanagement",
  "pk": 568
},
{
  "fields": {
    "username": "",
    "updated": "2016-01-07T08:30:30.727Z",
    "added": "2016-01-07T08:30:30.727Z",
    "license": "",
    "raid_license": "",
    "hostname": "zy37pual7haf3a5aixo2.example.com",
    "equipment": 831,
    "mac": "",
    "password": "",
    "method": "dummy"
  },
  "model": "hwdoc.servermanagement",
  "pk": 569
},
{
  "fields": {
    "username": "",
    "updated": "2016-01-07T08:30:30.727Z",
    "added": "2016-01-07T08:30:30.727Z",
    "license": "",
    "raid_license": "",
    "hostname": "keu5dcfqz05mj.example.com",
    "equipment": 867,
    "mac": "",
    "password": "",
    "method": "dummy"
  },
  "model": "hwdoc.servermanagement",
  "pk": 570
},
{
  "fields": {
    "username": "",
    "updated": "2016-01-07T08:30:30.727Z",
    "added": "2016-01-07T08:30:30.727Z",
    "license": "",
    "raid_license": "",
    "hostname": "aw3ssbw7jtbtqhxy2ps.example.com",
    "equipment": 864,
    "mac": "",
    "password": "",
    "method": "dummy"
  },
  "model": "hwdoc.servermanagement",
  "pk": 571
},
{
  "fields": {
    "username": "",
    "updated": "2016-01-07T08:30:30.727Z",
    "added": "2016-01-07T08:30:30.727Z",
    "license": "",
    "raid_license": "",
    "hostname": "g7ieu3xrfwv3ekt4.example.com",
    "equipment": 820,
    "mac": "",
    "password": "",
    "method": "dummy"
  },
  "model": "hwdoc.servermanagement",
  "pk": 572
},
{
  "fields": {
    "username": "",
    "updated": "2016-01-07T08:30:30.727Z",
    "added": "2016-01-07T08:30:30.727Z",
    "license": "",
    "raid_license": "",
    "hostname": "421tet1knq30hyzwq.example.com",
    "equipment": 915,
    "mac": "",
    "password": "",
    "method": "dummy"
  },
  "model": "hwdoc.servermanagement",
  "pk": 573
},
{
  "fields": {
    "username": "",
    "updated": "2016-01-07T08:30:30.727Z",
    "added": "2016-01-07T08:30:30.727Z",
    "license": "",
    "raid_license": "",
    "hostname": "xdll9mwwpob1xgqt.example.com",
    "equipment": 833,
    "mac": "",
    "password": "",
    "method": "dummy"
  },
  "model": "hwdoc.servermanagement",
  "pk": 574
},
{
  "fields": {
    "username": "",
    "updated": "2016-01-07T08:30:30.727Z",
    "added": "2016-01-07T08:30:30.727Z",
    "license": "",
    "raid_license": "",
    "hostname": "6eykybqnm66y03w.example.com",
    "equipment": 871,
    "mac": "",
    "password": "",
    "method": "dummy"
  },
  "model": "hwdoc.servermanagement",
  "pk": 575
},
{
  "fields": {
    "username": "",
    "updated": "2016-01-07T08:30:30.727Z",
    "added": "2016-01-07T08:30:30.727Z",
    "license": "",
    "raid_license": "",
    "hostname": "6r7gzn4yjwbcko96zav.example.com",
    "equipment": 865,
    "mac": "",
    "password": "",
    "method": "dummy"
  },
  "model": "hwdoc.servermanagement",
  "pk": 576
},
{
  "fields": {
    "username": "",
    "updated": "2016-01-07T08:30:30.727Z",
    "added": "2016-01-07T08:30:30.727Z",
    "license": "",
    "raid_license": "",
    "hostname": "upwz3lgglv2.example.com",
    "equipment": 926,
    "mac": "",
    "password": "",
    "method": "dummy"
  },
  "model": "hwdoc.servermanagement",
  "pk": 577
},
{
  "fields": {
    "username": "",
    "updated": "2016-01-07T08:30:30.727Z",
    "added": "2016-01-07T08:30:30.727Z",
    "license": "",
    "raid_license": "",
    "hostname": "tn4cey7i.example.com",
    "equipment": 853,
    "mac": "",
    "password": "",
    "method": "dummy"
  },
  "model": "hwdoc.servermanagement",
  "pk": 578
},
{
  "fields": {
    "username": "",
    "updated": "2016-01-07T08:30:30.727Z",
    "added": "2016-01-07T08:30:30.727Z",
    "license": "",
    "raid_license": "",
    "hostname": "qy3a1g.example.com",
    "equipment": 942,
    "mac": "",
    "password": "",
    "method": "dummy"
  },
  "model": "hwdoc.servermanagement",
  "pk": 579
},
{
  "fields": {
    "username": "",
    "updated": "2016-01-07T08:30:30.727Z",
    "added": "2016-01-07T08:30:30.727Z",
    "license": "",
    "raid_license": "",
    "hostname": "rlewtsk85d.example.com",
    "equipment": 948,
    "mac": "",
    "password": "",
    "method": "dummy"
  },
  "model": "hwdoc.servermanagement",
  "pk": 580
},
{
  "fields": {
    "username": "",
    "updated": "2016-01-07T08:30:30.727Z",
    "added": "2016-01-07T08:30:30.727Z",
    "license": "",
    "raid_license": "",
    "hostname": "18l9f2frc63gzeyzqlxr.example.com",
    "equipment": 950,
    "mac": "",
    "password": "",
    "method": "dummy"
  },
  "model": "hwdoc.servermanagement",
  "pk": 581
},
{
  "fields": {
    "username": "",
    "updated": "2016-01-07T08:30:30.727Z",
    "added": "2016-01-07T08:30:30.727Z",
    "license": "",
    "raid_license": "",
    "hostname": "uz06kt2kun1g50i.example.com",
    "equipment": 850,
    "mac": "",
    "password": "",
    "method": "dummy"
  },
  "model": "hwdoc.servermanagement",
  "pk": 582
},
{
  "fields": {
    "username": "",
    "updated": "2016-01-07T08:30:30.727Z",
    "added": "2016-01-07T08:30:30.727Z",
    "license": "",
    "raid_license": "",
    "hostname": "fqo13v.example.com",
    "equipment": 827,
    "mac": "",
    "password": "",
    "method": "dummy"
  },
  "model": "hwdoc.servermanagement",
  "pk": 583
},
{
  "fields": {
    "username": "",
    "updated": "2016-01-07T08:30:30.728Z",
    "added": "2016-01-07T08:30:30.728Z",
    "license": "",
    "raid_license": "",
    "hostname": "oh4bf3466.example.com",
    "equipment": 890,
    "mac": "",
    "password": "",
    "method": "dummy"
  },
  "model": "hwdoc.servermanagement",
  "pk": 584
},
{
  "fields": {
    "username": "",
    "updated": "2016-01-07T08:30:30.728Z",
    "added": "2016-01-07T08:30:30.728Z",
    "license": "",
    "raid_license": "",
    "hostname": "t2lpm5jp7lriiix.example.com",
    "equipment": 946,
    "mac": "",
    "password": "",
    "method": "dummy"
  },
  "model": "hwdoc.servermanagement",
  "pk": 585
},
{
  "fields": {
    "username": "",
    "updated": "2016-01-07T08:30:30.728Z",
    "added": "2016-01-07T08:30:30.728Z",
    "license": "",
    "raid_license": "",
    "hostname": "q5m23q1xkm5.example.com",
    "equipment": 852,
    "mac": "",
    "password": "",
    "method": "dummy"
  },
  "model": "hwdoc.servermanagement",
  "pk": 586
},
{
  "fields": {
    "username": "",
    "updated": "2016-01-07T08:30:30.728Z",
    "added": "2016-01-07T08:30:30.728Z",
    "license": "",
    "raid_license": "",
    "hostname": "0om8bldec8m9ja40s.example.com",
    "equipment": 857,
    "mac": "",
    "password": "",
    "method": "dummy"
  },
  "model": "hwdoc.servermanagement",
  "pk": 587
},
{
  "fields": {
    "username": "",
    "updated": "2016-01-07T08:30:30.728Z",
    "added": "2016-01-07T08:30:30.728Z",
    "license": "",
    "raid_license": "",
    "hostname": "umo7rr7dp.example.com",
    "equipment": 822,
    "mac": "",
    "password": "",
    "method": "dummy"
  },
  "model": "hwdoc.servermanagement",
  "pk": 588
},
{
  "fields": {
    "username": "",
    "updated": "2016-01-07T08:30:30.728Z",
    "added": "2016-01-07T08:30:30.728Z",
    "license": "",
    "raid_license": "",
    "hostname": "88cp3z7.example.com",
    "equipment": 856,
    "mac": "",
    "password": "",
    "method": "dummy"
  },
  "model": "hwdoc.servermanagement",
  "pk": 589
},
{
  "fields": {
    "username": "",
    "updated": "2016-01-07T08:30:30.728Z",
    "added": "2016-01-07T08:30:30.728Z",
    "license": "",
    "raid_license": "",
    "hostname": "7ye2peialv.example.com",
    "equipment": 854,
    "mac": "",
    "password": "",
    "method": "dummy"
  },
  "model": "hwdoc.servermanagement",
  "pk": 590
},
{
  "fields": {
    "username": "",
    "updated": "2016-01-07T08:30:30.728Z",
    "added": "2016-01-07T08:30:30.728Z",
    "license": "",
    "raid_license": "",
    "hostname": "pkbnft98p91excds.example.com",
    "equipment": 936,
    "mac": "",
    "password": "",
    "method": "dummy"
  },
  "model": "hwdoc.servermanagement",
  "pk": 591
},
{
  "fields": {
    "username": "",
    "updated": "2016-01-07T08:30:30.728Z",
    "added": "2016-01-07T08:30:30.728Z",
    "license": "",
    "raid_license": "",
    "hostname": "wwgx71hl73w9taxdek.example.com",
    "equipment": 897,
    "mac": "",
    "password": "",
    "method": "dummy"
  },
  "model": "hwdoc.servermanagement",
  "pk": 592
},
{
  "fields": {
    "username": "",
    "updated": "2016-01-07T08:30:30.728Z",
    "added": "2016-01-07T08:30:30.728Z",
    "license": "",
    "raid_license": "",
    "hostname": "mxyc12j2i5d4ceb3b8n.example.com",
    "equipment": 823,
    "mac": "",
    "password": "",
    "method": "dummy"
  },
  "model": "hwdoc.servermanagement",
  "pk": 593
},
{
  "fields": {
    "username": "",
    "updated": "2016-01-07T08:30:30.728Z",
    "added": "2016-01-07T08:30:30.728Z",
    "license": "",
    "raid_license": "",
    "hostname": "eumcwf.example.com",
    "equipment": 933,
    "mac": "",
    "password": "",
    "method": "dummy"
  },
  "model": "hwdoc.servermanagement",
  "pk": 594
},
{
  "fields": {
    "username": "",
    "updated": "2016-01-07T08:30:30.728Z",
    "added": "2016-01-07T08:30:30.728Z",
    "license": "",
    "raid_license": "",
    "hostname": "kx6lsonm60mw6q2o.example.com",
    "equipment": 858,
    "mac": "",
    "password": "",
    "method": "dummy"
  },
  "model": "hwdoc.servermanagement",
  "pk": 595
},
{
  "fields": {
    "username": "",
    "updated": "2016-01-07T08:30:30.728Z",
    "added": "2016-01-07T08:30:30.728Z",
    "license": "",
    "raid_license": "",
    "hostname": "z3qh03z4gseun6zzsgkh.example.com",
    "equipment": 899,
    "mac": "",
    "password": "",
    "method": "dummy"
  },
  "model": "hwdoc.servermanagement",
  "pk": 596
},
{
  "fields": {
    "username": "",
    "updated": "2016-01-07T08:30:30.728Z",
    "added": "2016-01-07T08:30:30.728Z",
    "license": "",
    "raid_license": "",
    "hostname": "d1yoe7lzmbg.example.com",
    "equipment": 932,
    "mac": "",
    "password": "",
    "method": "dummy"
  },
  "model": "hwdoc.servermanagement",
  "pk": 597
},
{
  "fields": {
    "username": "",
    "updated": "2016-01-07T08:30:30.728Z",
    "added": "2016-01-07T08:30:30.728Z",
    "license": "",
    "raid_license": "",
    "hostname": "l90ltt.example.com",
    "equipment": 917,
    "mac": "",
    "password": "",
    "method": "dummy"
  },
  "model": "hwdoc.servermanagement",
  "pk": 598
},
{
  "fields": {
    "username": "",
    "updated": "2016-01-07T08:30:30.728Z",
    "added": "2016-01-07T08:30:30.728Z",
    "license": "",
    "raid_license": "",
    "hostname": "rexzs8h5highoq.example.com",
    "equipment": 862,
    "mac": "",
    "password": "",
    "method": "dummy"
  },
  "model": "hwdoc.servermanagement",
  "pk": 599
},
{
  "fields": {
    "username": "",
    "updated": "2016-01-07T08:30:30.728Z",
    "added": "2016-01-07T08:30:30.728Z",
    "license": "",
    "raid_license": "",
    "hostname": "o65nua06up481mcf3nap.example.com",
    "equipment": 806,
    "mac": "",
    "password": "",
    "method": "dummy"
  },
  "model": "hwdoc.servermanagement",
  "pk": 600
},
{
  "fields": {
    "username": "",
    "updated": "2016-01-07T08:30:30.728Z",
    "added": "2016-01-07T08:30:30.728Z",
    "license": "",
    "raid_license": "",
    "hostname": "xpkhhg73xf3.example.com",
    "equipment": 815,
    "mac": "",
    "password": "",
    "method": "dummy"
  },
  "model": "hwdoc.servermanagement",
  "pk": 601
},
{
  "fields": {
    "username": "",
    "updated": "2016-01-07T08:30:30.728Z",
    "added": "2016-01-07T08:30:30.728Z",
    "license": "",
    "raid_license": "",
    "hostname": "rpom7gexe.example.com",
    "equipment": 885,
    "mac": "",
    "password": "",
    "method": "dummy"
  },
  "model": "hwdoc.servermanagement",
  "pk": 602
},
{
  "fields": {
    "username": "",
    "updated": "2016-01-07T08:30:30.728Z",
    "added": "2016-01-07T08:30:30.728Z",
    "license": "",
    "raid_license": "",
    "hostname": "rdktzv.example.com",
    "equipment": 829,
    "mac": "",
    "password": "",
    "method": "dummy"
  },
  "model": "hwdoc.servermanagement",
  "pk": 603
},
{
  "fields": {
    "username": "",
    "updated": "2016-01-07T08:30:30.728Z",
    "added": "2016-01-07T08:30:30.728Z",
    "license": "",
    "raid_license": "",
    "hostname": "fzg401bs5bw12.example.com",
    "equipment": 805,
    "mac": "",
    "password": "",
    "method": "dummy"
  },
  "model": "hwdoc.servermanagement",
  "pk": 604
},
{
  "fields": {
    "username": "",
    "updated": "2016-01-07T08:30:30.728Z",
    "added": "2016-01-07T08:30:30.728Z",
    "license": "",
    "raid_license": "",
    "hostname": "qkl4fq76ce5e8l.example.com",
    "equipment": 938,
    "mac": "",
    "password": "",
    "method": "dummy"
  },
  "model": "hwdoc.servermanagement",
  "pk": 605
},
{
  "fields": {
    "username": "",
    "updated": "2016-01-07T08:30:30.728Z",
    "added": "2016-01-07T08:30:30.728Z",
    "license": "",
    "raid_license": "",
    "hostname": "zato4pb4i33baqj95r.example.com",
    "equipment": 931,
    "mac": "",
    "password": "",
    "method": "dummy"
  },
  "model": "hwdoc.servermanagement",
  "pk": 606
},
{
  "fields": {
    "username": "",
    "updated": "2016-01-07T08:30:30.728Z",
    "added": "2016-01-07T08:30:30.728Z",
    "license": "",
    "raid_license": "",
    "hostname": "a52oxtyrj83jcrfh.example.com",
    "equipment": 842,
    "mac": "",
    "password": "",
    "method": "dummy"
  },
  "model": "hwdoc.servermanagement",
  "pk": 607
},
{
  "fields": {
    "username": "",
    "updated": "2016-01-07T08:30:30.728Z",
    "added": "2016-01-07T08:30:30.728Z",
    "license": "",
    "raid_license": "",
    "hostname": "emj2njm1qkto4d.example.com",
    "equipment": 868,
    "mac": "",
    "password": "",
    "method": "dummy"
  },
  "model": "hwdoc.servermanagement",
  "pk": 608
},
{
  "fields": {
    "username": "",
    "updated": "2016-01-07T08:30:30.728Z",
    "added": "2016-01-07T08:30:30.728Z",
    "license": "",
    "raid_license": "",
    "hostname": "ouvwohcd.example.com",
    "equipment": 825,
    "mac": "",
    "password": "",
    "method": "dummy"
  },
  "model": "hwdoc.servermanagement",
  "pk": 609
},
{
  "fields": {
    "username": "",
    "updated": "2016-01-07T08:30:30.728Z",
    "added": "2016-01-07T08:30:30.728Z",
    "license": "",
    "raid_license": "",
    "hostname": "u7a25fzcjv173.example.com",
    "equipment": 911,
    "mac": "",
    "password": "",
    "method": "dummy"
  },
  "model": "hwdoc.servermanagement",
  "pk": 610
},
{
  "fields": {
    "username": "",
    "updated": "2016-01-07T08:30:30.728Z",
    "added": "2016-01-07T08:30:30.728Z",
    "license": "",
    "raid_license": "",
    "hostname": "vy07j1s.example.com",
    "equipment": 841,
    "mac": "",
    "password": "",
    "method": "dummy"
  },
  "model": "hwdoc.servermanagement",
  "pk": 611
},
{
  "fields": {
    "username": "",
    "updated": "2016-01-07T08:30:30.728Z",
    "added": "2016-01-07T08:30:30.728Z",
    "license": "",
    "raid_license": "",
    "hostname": "pp8egp.example.com",
    "equipment": 811,
    "mac": "",
    "password": "",
    "method": "dummy"
  },
  "model": "hwdoc.servermanagement",
  "pk": 612
},
{
  "fields": {
    "username": "",
    "updated": "2016-01-07T08:30:30.729Z",
    "added": "2016-01-07T08:30:30.729Z",
    "license": "",
    "raid_license": "",
    "hostname": "vex53qew58im9ief6.example.com",
    "equipment": 828,
    "mac": "",
    "password": "",
    "method": "dummy"
  },
  "model": "hwdoc.servermanagement",
  "pk": 613
},
{
  "fields": {
    "username": "",
    "updated": "2016-01-07T08:30:30.729Z",
    "added": "2016-01-07T08:30:30.729Z",
    "license": "",
    "raid_license": "",
    "hostname": "02yca58.example.com",
    "equipment": 876,
    "mac": "",
    "password": "",
    "method": "dummy"
  },
  "model": "hwdoc.servermanagement",
  "pk": 614
},
{
  "fields": {
    "username": "",
    "updated": "2016-01-07T08:30:30.729Z",
    "added": "2016-01-07T08:30:30.729Z",
    "license": "",
    "raid_license": "",
    "hostname": "dhnk0i53l9xtrx.example.com",
    "equipment": 891,
    "mac": "",
    "password": "",
    "method": "dummy"
  },
  "model": "hwdoc.servermanagement",
  "pk": 615
},
{
  "fields": {
    "username": "",
    "updated": "2016-01-07T08:30:30.729Z",
    "added": "2016-01-07T08:30:30.729Z",
    "license": "",
    "raid_license": "",
    "hostname": "hlfgwexeohv3v.example.com",
    "equipment": 928,
    "mac": "",
    "password": "",
    "method": "dummy"
  },
  "model": "hwdoc.servermanagement",
  "pk": 616
},
{
  "fields": {
    "username": "",
    "updated": "2016-01-07T08:30:30.729Z",
    "added": "2016-01-07T08:30:30.729Z",
    "license": "",
    "raid_license": "",
    "hostname": "vbnrnqcdw6b2kw.example.com",
    "equipment": 847,
    "mac": "",
    "password": "",
    "method": "dummy"
  },
  "model": "hwdoc.servermanagement",
  "pk": 617
},
{
  "fields": {
    "username": "",
    "updated": "2016-01-07T08:30:30.729Z",
    "added": "2016-01-07T08:30:30.729Z",
    "license": "",
    "raid_license": "",
    "hostname": "oqogod4ay.example.com",
    "equipment": 863,
    "mac": "",
    "password": "",
    "method": "dummy"
  },
  "model": "hwdoc.servermanagement",
  "pk": 618
},
{
  "fields": {
    "username": "",
    "updated": "2016-01-07T08:30:30.729Z",
    "added": "2016-01-07T08:30:30.729Z",
    "license": "",
    "raid_license": "",
    "hostname": "svss3he90t.example.com",
    "equipment": 881,
    "mac": "",
    "password": "",
    "method": "dummy"
  },
  "model": "hwdoc.servermanagement",
  "pk": 619
},
{
  "fields": {
    "username": "",
    "updated": "2016-01-07T08:30:30.729Z",
    "added": "2016-01-07T08:30:30.729Z",
    "license": "",
    "raid_license": "",
    "hostname": "yb67ejzw5cl6qp21bk9.example.com",
    "equipment": 834,
    "mac": "",
    "password": "",
    "method": "dummy"
  },
  "model": "hwdoc.servermanagement",
  "pk": 620
},
{
  "fields": {
    "username": "",
    "updated": "2016-01-07T08:30:30.729Z",
    "added": "2016-01-07T08:30:30.729Z",
    "license": "",
    "raid_license": "",
    "hostname": "7k883l0vg2f2y4x.example.com",
    "equipment": 804,
    "mac": "",
    "password": "",
    "method": "dummy"
  },
  "model": "hwdoc.servermanagement",
  "pk": 621
},
{
  "fields": {
    "username": "",
    "updated": "2016-01-07T08:30:30.729Z",
    "added": "2016-01-07T08:30:30.729Z",
    "license": "",
    "raid_license": "",
    "hostname": "u7zneg0t048nieofj.example.com",
    "equipment": 882,
    "mac": "",
    "password": "",
    "method": "dummy"
  },
  "model": "hwdoc.servermanagement",
  "pk": 622
},
{
  "fields": {
    "username": "",
    "updated": "2016-01-07T08:30:30.729Z",
    "added": "2016-01-07T08:30:30.729Z",
    "license": "",
    "raid_license": "",
    "hostname": "qclp0b4ga7jf9xdg.example.com",
    "equipment": 875,
    "mac": "",
    "password": "",
    "method": "dummy"
  },
  "model": "hwdoc.servermanagement",
  "pk": 623
},
{
  "fields": {
    "username": "",
    "updated": "2016-01-07T08:30:30.729Z",
    "added": "2016-01-07T08:30:30.729Z",
    "license": "",
    "raid_license": "",
    "hostname": "84b9lv1t434o.example.com",
    "equipment": 802,
    "mac": "",
    "password": "",
    "method": "dummy"
  },
  "model": "hwdoc.servermanagement",
  "pk": 624
},
{
  "fields": {
    "username": "",
    "updated": "2016-01-07T08:30:30.729Z",
    "added": "2016-01-07T08:30:30.729Z",
    "license": "",
    "raid_license": "",
    "hostname": "nrvuymusm0kkntyc.example.com",
    "equipment": 843,
    "mac": "",
    "password": "",
    "method": "dummy"
  },
  "model": "hwdoc.servermanagement",
  "pk": 625
},
{
  "fields": {
    "username": "",
    "updated": "2016-01-07T08:30:30.729Z",
    "added": "2016-01-07T08:30:30.729Z",
    "license": "",
    "raid_license": "",
    "hostname": "tnfts5xdoed6nvrngn1r.example.com",
    "equipment": 908,
    "mac": "",
    "password": "",
    "method": "dummy"
  },
  "model": "hwdoc.servermanagement",
  "pk": 626
},
{
  "fields": {
    "username": "",
    "updated": "2016-01-07T08:30:30.729Z",
    "added": "2016-01-07T08:30:30.729Z",
    "license": "",
    "raid_license": "",
    "hostname": "7uqjdtckoh.example.com",
    "equipment": 855,
    "mac": "",
    "password": "",
    "method": "dummy"
  },
  "model": "hwdoc.servermanagement",
  "pk": 627
},
{
  "fields": {
    "username": "",
    "updated": "2016-01-07T08:30:30.729Z",
    "added": "2016-01-07T08:30:30.729Z",
    "license": "",
    "raid_license": "",
    "hostname": "j3ct5icb.example.com",
    "equipment": 909,
    "mac": "",
    "password": "",
    "method": "dummy"
  },
  "model": "hwdoc.servermanagement",
  "pk": 628
},
{
  "fields": {
    "username": "",
    "updated": "2016-01-07T08:30:30.729Z",
    "added": "2016-01-07T08:30:30.729Z",
    "license": "",
    "raid_license": "",
    "hostname": "81lk2cpuocd0k32.example.com",
    "equipment": 830,
    "mac": "",
    "password": "",
    "method": "dummy"
  },
  "model": "hwdoc.servermanagement",
  "pk": 629
},
{
  "fields": {
    "username": "",
    "updated": "2016-01-07T08:30:30.729Z",
    "added": "2016-01-07T08:30:30.729Z",
    "license": "",
    "raid_license": "",
    "hostname": "ggsahfh.example.com",
    "equipment": 906,
    "mac": "",
    "password": "",
    "method": "dummy"
  },
  "model": "hwdoc.servermanagement",
  "pk": 630
},
{
  "fields": {
    "username": "",
    "updated": "2016-01-07T08:30:30.729Z",
    "added": "2016-01-07T08:30:30.729Z",
    "license": "",
    "raid_license": "",
    "hostname": "5xyrpwv.example.com",
    "equipment": 832,
    "mac": "",
    "password": "",
    "method": "dummy"
  },
  "model": "hwdoc.servermanagement",
  "pk": 631
},
{
  "fields": {
    "username": "",
    "updated": "2016-01-07T08:30:30.729Z",
    "added": "2016-01-07T08:30:30.729Z",
    "license": "",
    "raid_license": "",
    "hostname": "ptn15cs9.example.com",
    "equipment": 929,
    "mac": "",
    "password": "",
    "method": "dummy"
  },
  "model": "hwdoc.servermanagement",
  "pk": 632
},
{
  "fields": {
    "username": "",
    "updated": "2016-01-07T08:30:30.729Z",
    "added": "2016-01-07T08:30:30.729Z",
    "license": "",
    "raid_license": "",
    "hostname": "xictxdvp6kk.example.com",
    "equipment": 859,
    "mac": "",
    "password": "",
    "method": "dummy"
  },
  "model": "hwdoc.servermanagement",
  "pk": 633
},
{
  "fields": {
    "username": "",
    "updated": "2016-01-07T08:30:30.729Z",
    "added": "2016-01-07T08:30:30.729Z",
    "license": "",
    "raid_license": "",
    "hostname": "cgm5xs9.example.com",
    "equipment": 889,
    "mac": "",
    "password": "",
    "method": "dummy"
  },
  "model": "hwdoc.servermanagement",
  "pk": 634
},
{
  "fields": {
    "username": "",
    "updated": "2016-01-07T08:30:30.729Z",
    "added": "2016-01-07T08:30:30.729Z",
    "license": "",
    "raid_license": "",
    "hostname": "7lg42zwoyds862gfmt.example.com",
    "equipment": 844,
    "mac": "",
    "password": "",
    "method": "dummy"
  },
  "model": "hwdoc.servermanagement",
  "pk": 635
},
{
  "fields": {
    "username": "",
    "updated": "2016-01-07T08:30:30.729Z",
    "added": "2016-01-07T08:30:30.729Z",
    "license": "",
    "raid_license": "",
    "hostname": "y6s9obffx9n6wozjzxtf.example.com",
    "equipment": 934,
    "mac": "",
    "password": "",
    "method": "dummy"
  },
  "model": "hwdoc.servermanagement",
  "pk": 636
},
{
  "fields": {
    "username": "",
    "updated": "2016-01-07T08:30:30.729Z",
    "added": "2016-01-07T08:30:30.729Z",
    "license": "",
    "raid_license": "",
    "hostname": "uyo6cq745yeq.example.com",
    "equipment": 808,
    "mac": "",
    "password": "",
    "method": "dummy"
  },
  "model": "hwdoc.servermanagement",
  "pk": 637
},
{
  "fields": {
    "username": "",
    "updated": "2016-01-07T08:30:30.729Z",
    "added": "2016-01-07T08:30:30.729Z",
    "license": "",
    "raid_license": "",
    "hostname": "z1bitrt3.example.com",
    "equipment": 894,
    "mac": "",
    "password": "",
    "method": "dummy"
  },
  "model": "hwdoc.servermanagement",
  "pk": 638
},
{
  "fields": {
    "username": "",
    "updated": "2016-01-07T08:30:30.729Z",
    "added": "2016-01-07T08:30:30.729Z",
    "license": "",
    "raid_license": "",
    "hostname": "bvuidfbpzpj8k08qn.example.com",
    "equipment": 922,
    "mac": "",
    "password": "",
    "method": "dummy"
  },
  "model": "hwdoc.servermanagement",
  "pk": 639
},
{
  "fields": {
    "username": "",
    "updated": "2016-01-07T08:30:30.729Z",
    "added": "2016-01-07T08:30:30.729Z",
    "license": "",
    "raid_license": "",
    "hostname": "st67pp.example.com",
    "equipment": 941,
    "mac": "",
    "password": "",
    "method": "dummy"
  },
  "model": "hwdoc.servermanagement",
  "pk": 640
},
{
  "fields": {
    "username": "",
    "updated": "2016-01-07T08:30:30.729Z",
    "added": "2016-01-07T08:30:30.729Z",
    "license": "",
    "raid_license": "",
    "hostname": "n80afz2lc5.example.com",
    "equipment": 840,
    "mac": "",
    "password": "",
    "method": "dummy"
  },
  "model": "hwdoc.servermanagement",
  "pk": 641
},
{
  "fields": {
    "username": "",
    "updated": "2016-01-07T08:30:30.729Z",
    "added": "2016-01-07T08:30:30.729Z",
    "license": "",
    "raid_license": "",
    "hostname": "pb8xvnhdiuol9vp70fj.example.com",
    "equipment": 918,
    "mac": "",
    "password": "",
    "method": "dummy"
  },
  "model": "hwdoc.servermanagement",
  "pk": 642
},
{
  "fields": {
    "username": "",
    "updated": "2016-01-07T08:30:30.729Z",
    "added": "2016-01-07T08:30:30.729Z",
    "license": "",
    "raid_license": "",
    "hostname": "6asprbk7x1ggdo8.example.com",
    "equipment": 893,
    "mac": "",
    "password": "",
    "method": "dummy"
  },
  "model": "hwdoc.servermanagement",
  "pk": 643
},
{
  "fields": {
    "username": "",
    "updated": "2016-01-07T08:30:30.730Z",
    "added": "2016-01-07T08:30:30.730Z",
    "license": "",
    "raid_license": "",
    "hostname": "tqh7a7vdsp.example.com",
    "equipment": 869,
    "mac": "",
    "password": "",
    "method": "dummy"
  },
  "model": "hwdoc.servermanagement",
  "pk": 644
},
{
  "fields": {
    "username": "",
    "updated": "2016-01-07T08:30:30.730Z",
    "added": "2016-01-07T08:30:30.730Z",
    "license": "",
    "raid_license": "",
    "hostname": "41jrqwf9an9uuc8flj.example.com",
    "equipment": 943,
    "mac": "",
    "password": "",
    "method": "dummy"
  },
  "model": "hwdoc.servermanagement",
  "pk": 645
},
{
  "fields": {
    "username": "",
    "updated": "2016-01-07T08:30:30.730Z",
    "added": "2016-01-07T08:30:30.730Z",
    "license": "",
    "raid_license": "",
    "hostname": "eune5n.example.com",
    "equipment": 886,
    "mac": "",
    "password": "",
    "method": "dummy"
  },
  "model": "hwdoc.servermanagement",
  "pk": 646
},
{
  "fields": {
    "username": "",
    "updated": "2016-01-07T08:30:30.730Z",
    "added": "2016-01-07T08:30:30.730Z",
    "license": "",
    "raid_license": "",
    "hostname": "lgym2y9vs.example.com",
    "equipment": 937,
    "mac": "",
    "password": "",
    "method": "dummy"
  },
  "model": "hwdoc.servermanagement",
  "pk": 647
},
{
  "fields": {
    "username": "",
    "updated": "2016-01-07T08:30:30.730Z",
    "added": "2016-01-07T08:30:30.730Z",
    "license": "",
    "raid_license": "",
    "hostname": "qlmunx5.example.com",
    "equipment": 912,
    "mac": "",
    "password": "",
    "method": "dummy"
  },
  "model": "hwdoc.servermanagement",
  "pk": 648
},
{
  "fields": {
    "username": "",
    "updated": "2016-01-07T08:30:30.730Z",
    "added": "2016-01-07T08:30:30.730Z",
    "license": "",
    "raid_license": "",
    "hostname": "v8wufri8pwb.example.com",
    "equipment": 846,
    "mac": "",
    "password": "",
    "method": "dummy"
  },
  "model": "hwdoc.servermanagement",
  "pk": 649
},
{
  "fields": {
    "username": "",
    "updated": "2016-01-07T08:30:30.730Z",
    "added": "2016-01-07T08:30:30.730Z",
    "license": "",
    "raid_license": "",
    "hostname": "5nopt13yordgqr.example.com",
    "equipment": 898,
    "mac": "",
    "password": "",
    "method": "dummy"
  },
  "model": "hwdoc.servermanagement",
  "pk": 650
},
{
  "fields": {
    "username": "",
    "updated": "2016-01-07T08:30:30.730Z",
    "added": "2016-01-07T08:30:30.730Z",
    "license": "",
    "raid_license": "",
    "hostname": "qmd540m39rfu1xcp47z.example.com",
    "equipment": 817,
    "mac": "",
    "password": "",
    "method": "dummy"
  },
  "model": "hwdoc.servermanagement",
  "pk": 651
},
{
  "fields": {
    "username": "",
    "updated": "2016-01-07T08:30:30.730Z",
    "added": "2016-01-07T08:30:30.730Z",
    "license": "",
    "raid_license": "",
    "hostname": "r2rxwwfta9xkb1fap0a.example.com",
    "equipment": 816,
    "mac": "",
    "password": "",
    "method": "dummy"
  },
  "model": "hwdoc.servermanagement",
  "pk": 652
},
{
  "fields": {
    "username": "",
    "updated": "2016-01-07T08:30:30.730Z",
    "added": "2016-01-07T08:30:30.730Z",
    "license": "",
    "raid_license": "",
    "hostname": "wtmeteyoro240xwwwo.example.com",
    "equipment": 838,
    "mac": "",
    "password": "",
    "method": "dummy"
  },
  "model": "hwdoc.servermanagement",
  "pk": 653
},
{
  "fields": {
    "username": "",
    "updated": "2016-01-07T08:30:30.730Z",
    "added": "2016-01-07T08:30:30.730Z",
    "license": "",
    "raid_license": "",
    "hostname": "635u8h.example.com",
    "equipment": 873,
    "mac": "",
    "password": "",
    "method": "dummy"
  },
  "model": "hwdoc.servermanagement",
  "pk": 654
},
{
  "fields": {
    "username": "",
    "updated": "2016-01-07T08:30:30.730Z",
    "added": "2016-01-07T08:30:30.730Z",
    "license": "",
    "raid_license": "",
    "hostname": "vp3qpypm7owdx7ate.example.com",
    "equipment": 883,
    "mac": "",
    "password": "",
    "method": "dummy"
  },
  "model": "hwdoc.servermanagement",
  "pk": 655
},
{
  "fields": {
    "username": "",
    "updated": "2016-01-07T08:30:30.730Z",
    "added": "2016-01-07T08:30:30.730Z",
    "license": "",
    "raid_license": "",
    "hostname": "ssyuna.example.com",
    "equipment": 836,
    "mac": "",
    "password": "",
    "method": "dummy"
  },
  "model": "hwdoc.servermanagement",
  "pk": 656
},
{
  "fields": {
    "username": "",
    "updated": "2016-01-07T08:30:30.730Z",
    "added": "2016-01-07T08:30:30.730Z",
    "license": "",
    "raid_license": "",
    "hostname": "dzm9he2zgkzwk3.example.com",
    "equipment": 919,
    "mac": "",
    "password": "",
    "method": "dummy"
  },
  "model": "hwdoc.servermanagement",
  "pk": 657
},
{
  "fields": {
    "username": "",
    "updated": "2016-01-07T08:30:30.730Z",
    "added": "2016-01-07T08:30:30.730Z",
    "license": "",
    "raid_license": "",
    "hostname": "zuwxe4g7ti.example.com",
    "equipment": 910,
    "mac": "",
    "password": "",
    "method": "dummy"
  },
  "model": "hwdoc.servermanagement",
  "pk": 658
},
{
  "fields": {
    "username": "",
    "updated": "2016-01-07T08:30:30.730Z",
    "added": "2016-01-07T08:30:30.730Z",
    "license": "",
    "raid_license": "",
    "hostname": "f93b5lubzcc.example.com",
    "equipment": 821,
    "mac": "",
    "password": "",
    "method": "dummy"
  },
  "model": "hwdoc.servermanagement",
  "pk": 659
},
{
  "fields": {
    "username": "",
    "updated": "2016-01-07T08:30:30.733Z",
    "added": "2016-01-07T08:30:30.733Z",
    "license": "",
    "raid_license": "",
    "hostname": "p9aoxhdxtsyez.example.com",
    "equipment": 826,
    "mac": "",
    "password": "",
    "method": "dummy"
  },
  "model": "hwdoc.servermanagement",
  "pk": 660
},
{
  "fields": {
    "username": "",
    "updated": "2016-01-07T08:30:30.733Z",
    "added": "2016-01-07T08:30:30.733Z",
    "license": "",
    "raid_license": "",
    "hostname": "ay8ui0o4yabxmxz.example.com",
    "equipment": 851,
    "mac": "",
    "password": "",
    "method": "dummy"
  },
  "model": "hwdoc.servermanagement",
  "pk": 661
},
{
  "fields": {
    "username": "",
    "updated": "2016-01-07T08:30:30.733Z",
    "added": "2016-01-07T08:30:30.733Z",
    "license": "",
    "raid_license": "",
    "hostname": "nykj7b6a91a6.example.com",
    "equipment": 914,
    "mac": "",
    "password": "",
    "method": "dummy"
  },
  "model": "hwdoc.servermanagement",
  "pk": 662
},
{
  "fields": {
    "username": "",
    "updated": "2016-01-07T08:30:30.733Z",
    "added": "2016-01-07T08:30:30.733Z",
    "license": "",
    "raid_license": "",
    "hostname": "wfyfoyn.example.com",
    "equipment": 904,
    "mac": "",
    "password": "",
    "method": "dummy"
  },
  "model": "hwdoc.servermanagement",
  "pk": 663
},
{
  "fields": {
    "username": "",
    "updated": "2016-01-07T08:30:30.733Z",
    "added": "2016-01-07T08:30:30.733Z",
    "license": "",
    "raid_license": "",
    "hostname": "lwhaq7p.example.com",
    "equipment": 902,
    "mac": "",
    "password": "",
    "method": "dummy"
  },
  "model": "hwdoc.servermanagement",
  "pk": 664
},
{
  "fields": {
    "username": "",
    "updated": "2016-01-07T08:30:30.734Z",
    "added": "2016-01-07T08:30:30.734Z",
    "license": "",
    "raid_license": "",
    "hostname": "uy7oa6a72912nonld.example.com",
    "equipment": 930,
    "mac": "",
    "password": "",
    "method": "dummy"
  },
  "model": "hwdoc.servermanagement",
  "pk": 665
}
]
